did,nome,NumberOfInstances,NumberOfFeatures,NumberOfClasses,NumberOfNumericFeatures,NumberOfSymbolicFeatures,NumberOfBinaryFeatures,NumberOfMissingValues,NumberOfInstancesWithMissingValues,Dimensionality,MajorityClassSize,MinorityClassSize,MajorityClassPercentage,MinorityClassPercentage,MeanMeansOfNumericAtts,MeanStdDevOfNumericAtts,MeanSkewnessOfNumericAtts,MeanKurtosisOfNumericAtts,ClassEntropy,MeanAttributeEntropy,MeanMutualInformation,EquivalentNumberOfAtts,NoiseToSignalRatio,InstancesPerAttribute,PercentageOfMissingValues,PercentageOfInstancesWithMissingValues,PercentageOfNumericFeatures,PercentageOfSymbolicFeatures,PercentageOfBinaryFeatures,ClassImbalanceRatio,NormalizedClassEntropy,LogInstances,LogFeatures
41150,MiniBooNE,130064,51,2,50,1,1,0,0,0.0003921146512486,93565,36499,71.93766145897405,28.062338541025955,38.39483719030679,965.7957585695456,-6.830016572473638,2834.9919634668536,0.856298827009695,3.2793257493936405,0.0956185913565564,8.955359149944009,33.29590106766179,2550.274509803922,0.0,0.0,98.03921568627452,1.96078431372549,1.96078431372549,2.563494890270966,0.856298827009695,16.98886217278345,5.672425341971495
23517,numerai28.6,96320,22,2,21,1,1,0,0,0.0002284053156146,48658,47662,50.51702657807309,49.48297342192691,0.500974486303292,0.2903794894187135,-0.0025658648842138,-1.2005501277473247,0.9999228673926668,3.32191355762109,0.0003739881074861,2673.6755725035614,8881.404255979562,4378.181818181818,0.0,0.0,95.45454545454544,4.545454545454546,4.545454545454546,1.0208971507700055,0.9999228673926668,16.555547771647063,4.459431618637297
41168,jannis,83733,55,4,54,1,0,0,0,0.0006568497486056,38522,1687,46.00575639234233,2.014737319814172,24.80071042022245,12.038152346066424,-0.2827552490270867,20.28843765348519,1.599470411745189,3.304317501878862,0.0408987396251377,39.10806118734522,79.79264867731801,1522.418181818182,0.0,0.0,98.1818181818182,1.818181818181818,0.0,22.834617664493184,0.7997352058725945,16.35350869472102,5.78135971352466
41138,APSFailure,76000,171,2,170,1,2,1078695,75244,0.00225,74625,1375,98.1907894736842,1.8092105263157887,2695276.088805796,7541433.696616072,43.592134220337975,5718.166425811614,0.1305899160750017,2.2956530026020188,0.0254702559257494,5.127153667230342,89.13073952983721,444.44444444444446,8.300207756232687,99.00526315789472,99.41520467836256,0.5847953216374269,1.1695906432748535,54.27272727272727,0.1305899160750017,16.213711798105674,7.417852514885898
40996,Fashion-MNIST,70000,785,10,784,1,0,0,0,0.0112142857142857,7000,7000,10.0,10.0,72.96981142492712,70.07662618918577,3.621922110655375,199.6731496263181,3.321928094887362,1.8443873207835044,0.3115225492726776,10.663523724504635,4.920557998416676,89.171974522293,0.0,0.0,99.87261146496816,0.1273885350318471,0.0,1.0,1.0,16.095067301607052,9.61654884377899
554,mnist_784,70000,785,10,784,1,19,0,0,0.0112142857142857,7877,6313,11.252857142857144,9.018571428571429,33.385964741253645,49.25570412611286,28.502696673058324,4488.902658554502,3.3198370254034137,0.6911128914814002,0.0745738239704651,44.51745731475737,8.267499702779277,89.171974522293,0.0,0.0,99.87261146496816,0.1273885350318471,2.4203821656050954,1.2477427530492635,0.999370525362314,16.095067301607052,9.61654884377899
40668,connect-4,67557,43,3,0,43,0,0,0,0.0006364995485293,44473,6449,65.83033586452922,9.546012996432642,,,,,1.2184443563726473,0.6800133933213215,0.0059193093765694,205.842316874945,113.88052913960408,1571.093023255814,0.0,0.0,0.0,100.0,0.0,6.896107923709102,0.7687527975067274,16.0438176434315,5.426264754702098
40685,shuttle,58000,10,7,9,1,0,0,0,0.0001724137931034,45586,10,78.59655172413792,0.0172413793103448,30.21055172413793,48.33574572204228,2.3688639234314093,1817.6502252901569,0.9603013611073694,2.671463036901433,0.2578255774034224,3.724616350241992,9.361512863874504,5800.0,0.0,0.0,90.0,10.0,0.0,4558.6,0.3420662466160611,15.82376527978966,3.321928094887362
1590,adult,48842,15,2,6,9,2,6465,3620,0.0003071127308464,37155,11687,76.07182343065395,23.928176569346054,31819.97476557062,18914.62032660856,3.0638608083339345,30.359637681235284,0.7938438393644256,1.848364130433103,0.0584649852024655,13.578107248557863,30.614890930566,3256.133333333333,0.8824372466319971,7.411653904426518,40.0,60.0,13.333333333333334,3.179173440574998,0.7938438393644256,15.575834657086167,3.906890595608519
151,electricity,45312,9,2,7,2,1,0,0,0.0001986228813559,26075,19237,57.54546257062147,42.45453742937853,0.3441820375901686,0.1604184803668011,12.618112702577069,1029.1705407841166,0.9835093906057096,2.947105755955372,0.0719469929121828,13.669916570469628,39.96218113733472,5034.666666666667,0.0,0.0,77.77777777777777,22.22222222222222,11.11111111111111,1.3554608306908562,0.9835093906057096,15.467605550082997,3.169925001442312
1461,bank-marketing,45211,17,2,7,10,4,0,0,0.0003760146866912,39922,5289,88.30151954170445,11.698480458295547,245.8171083522657,489.53786964950274,8.80619192540503,673.0300915847328,0.5206312212538164,1.7751785648181115,0.0167708475371783,31.043822925446044,104.84906701243462,2659.470588235294,0.0,0.0,41.1764705882353,58.8235294117647,23.529411764705884,7.548118737001324,0.5206312212538164,15.464386207825356,4.087462841250339
41027,jungle_chess_2pcs_raw_endgame_complete,44819,7,3,6,1,0,0,0,0.0001561837613512,23062,4335,51.45585577545238,9.672237220821527,3.7195794938158655,2.523533407940241,-0.2097468597694192,-1.334477789926513,1.3491090889091475,2.6969709003193745,0.0719068985622955,18.761886771411305,36.50642781489026,6402.714285714285,0.0,0.0,85.71428571428571,14.285714285714286,0.0,5.3199538638985,0.851193065006462,15.451822839394287,2.807354922057604
1486,nomao,34465,119,2,89,30,3,0,0,0.003452778180763,24621,9844,71.43769041056144,28.56230958943856,0.7934464503790689,0.178223211134328,-6.856689216231611,306.4411177588573,0.8629999927875764,1.122142587151319,0.0749649308166159,11.512049479491989,13.968900456886654,289.6218487394958,0.0,0.0,74.78991596638656,25.210084033613445,2.5210084033613445,2.5011174319382365,0.8629999927875764,15.072844394865436,6.894817763307944
6,letter,20000,17,26,16,1,0,0,0,0.00085,813,734,4.065,3.67,5.925465625,2.2737711454464016,0.2902970341018099,0.6977379005298194,4.699810726573158,2.663703122645889,0.4509381637082066,10.422295349599896,4.907025257612748,1176.470588235294,0.0,0.0,94.11764705882354,5.882352941176471,0.0,1.1076294277929155,0.9998661845262038,14.287712379549449,4.087462841250339
1120,MagicTelescope,19020,11,2,10,1,1,0,0,0.0005783385909568,12332,6688,64.83701366982125,35.16298633017876,30.67783800736068,29.334586025262205,0.6463449554867178,4.273159612328454,0.935515244546736,3.321927432937499,0.057026229021567,16.40499925381579,57.25262322152077,1729.090909090909,0.0,0.0,90.9090909090909,9.090909090909092,9.090909090909092,1.8438995215311005,0.935515244546736,14.215229625747924,3.4594316186372973
1476,gas-drift,13910,129,6,128,1,0,0,0,0.009273903666427,3009,1641,21.63191948238677,11.79726815240834,2791.463331668445,2729.3079146825203,4.620309058926301,1037.1486781860392,2.5456958326360266,3.321928094304843,0.3865241824209,6.586123063999984,7.594360315307455,107.82945736434108,0.0,0.0,99.2248062015504,0.7751937984496124,0.0,1.83363802559415,0.9848095792205208,13.7638347994296,7.011227255423254
4534,PhishingWebsites,11055,31,2,0,31,23,0,0,0.0028041610131162,6157,4898,55.69425599276345,44.30574400723655,,,,,0.99062392274143,0.8349962447495505,0.0519808872279021,19.057464686937585,15.063524292854774,356.61290322580646,0.0,0.0,0.0,100.0,74.19354838709677,1.2570436913025724,0.99062392274143,13.432411404703588,4.954196310386875
32,pendigits,10992,17,10,16,1,0,0,0,0.0015465793304221,1144,1055,10.407569141193596,9.597889374090247,50.711045533115,29.774238237334707,-0.0391960821203112,-0.5010429355334174,3.320771738890595,2.9286426159900705,0.6785764425467138,4.893732718494704,3.315862491481143,646.5882352941177,0.0,0.0,94.11764705882354,5.882352941176471,0.0,1.0843601895734598,0.9996519021593072,13.4241662888181,4.087462841250339
1053,jm1,10885,22,2,21,1,1,25,5,0.0020211299954065,8779,2106,80.65227377124484,19.347726228755167,1902.7823686449656,21963.75301397999,15.83647074795047,586.6194695049815,0.7086892115305543,2.6489787893401107,0.0364229437040824,19.45721952866544,71.72830034995778,494.77272727272725,0.0104397210506535,0.0459347726228755,95.45454545454544,4.545454545454546,4.545454545454546,4.168566001899335,0.7086892115305543,13.410053787075569,4.459431618637297
1478,har,10299,562,6,561,1,0,0,0,0.0545684046994853,1944,1406,18.87561899213516,13.651810855422855,-0.5086202175851141,0.2792315145321125,1.6370975866256592,13.662956850925571,2.5759228762942774,3.28113403678995,0.7171228761139041,3.592024410451426,3.5754139856344387,18.32562277580071,0.0,0.0,99.8220640569395,0.1779359430604982,0.0,1.3826458036984353,0.996502995914116,13.330216642678414,9.134426320220928
4538,GesturePhaseSegmentationProcessed,9873,33,5,32,1,0,0,0,0.0033424491036159,2950,998,29.87946925959688,10.108376380026334,0.0013097793076762,0.0053401254163502,0.9535035837473838,47.82230871180519,2.193423736133549,3.321927870118749,0.1425041271036194,15.392001485954422,22.31109938804274,299.1818181818182,0.0,0.0,96.96969696969695,3.0303030303030303,0.0,2.9559118236472948,0.9446561850744792,13.269272811845504,5.044394119358453
300,isolet,7797,618,26,617,1,4,0,0,0.0792612543285879,300,298,3.8476337052712575,3.821982813902783,0.0647960369580703,0.4140807323633421,0.442067452551359,3.605662565275793,4.700438279876529,3.045989786285312,0.4121177340960484,11.405571493269065,6.391067004108617,12.616504854368932,0.0,0.0,99.83818770226536,0.1618122977346278,0.6472491909385113,1.0067114093959733,0.9999996940148904,12.928703419193356,9.271463027904376
182,satimage,6430,37,6,36,1,0,0,0,0.0057542768273716,1531,625,23.81026438569207,9.720062208398131,-0.0005560885260065,1.0000219953862934,0.0404602338510036,-0.154116880478726,2.4833618760456604,3.304811611513536,0.8528069023090644,2.9119861358083488,2.8752167724785176,173.78378378378378,0.0,0.0,97.29729729729728,2.702702702702702,0.0,2.4496,0.9606955131275016,12.650603022215307,5.20945336562895
28,optdigits,5620,65,10,64,1,3,0,0,0.0115658362989323,572,554,10.1779359430605,9.8576512455516,4.911243327402135,3.686292464928632,5.280836107520172,163.28656088540754,3.3218327248667654,1.7418189393604355,0.2812299346610386,11.811803494071537,5.193575877545961,86.46153846153847,0.0,0.0,98.46153846153848,1.5384615384615383,4.615384615384615,1.032490974729242,0.9999712907631132,12.456354415108288,6.022367813028454
30,page-blocks,5473,11,5,10,1,0,0,0,0.0020098666179426,4913,28,89.76795176320117,0.5116024118399415,253.32758631463548,840.2336192978366,14.711451967520436,652.8296690123777,0.6354628258660037,3.244160777775133,0.1359911138583346,4.672826097505027,22.85568207901185,497.54545454545456,0.0,0.0,90.9090909090909,9.090909090909092,0.0,175.46428571428572,0.2736789426275624,12.418116141207488,3.4594316186372973
1497,wall-robot-navigation,5456,25,4,24,1,0,0,0,0.0045821114369501,2205,328,40.41422287390029,6.011730205278592,2.04579234634653,1.2512399704111543,1.5222576378064734,2.368822458469772,1.7146327422659768,3.1372397702304333,0.3013871325484639,5.689137183022433,9.409335473955432,218.24,0.0,0.0,96.0,4.0,0.0,6.722560975609756,0.8573163711329884,12.413627929024171,4.643856189774724
1489,phoneme,5404,6,2,5,1,1,0,0,0.0011102886750555,3818,1586,70.65136935603257,29.348630643967432,-1.2287194670162342e-08,1.0000000046167208,0.7794652586095059,0.3397489886095838,0.8731822577241405,3.3097198654893125,0.1396448839175288,6.25287682031962,22.700974734197622,900.6666666666666,0.0,0.0,83.33333333333333,16.666666666666668,16.666666666666668,2.407313997477932,0.8731822577241405,12.399811959325683,2.584962500721156
41146,sylvine,5124,21,2,20,1,1,0,0,0.0040983606557377,2562,2562,50.0,50.0,857.3030347384856,422.4360492351609,0.1082468876415195,0.9315382097063806,1.0,3.3139567383398623,0.0432679219986839,23.111810177304505,75.59153907231007,244.0,0.0,0.0,95.23809523809524,4.761904761904762,4.761904761904762,1.0,1.0,12.323054760341646,4.392317422778761
40701,churn,5000,21,2,16,5,3,0,0,0.0042,4293,707,85.86,14.14,224.322423625,109.24068657540884,0.1395287334036856,0.184769793956574,0.5878935751446988,2.757789946782594,0.0134369527838223,43.75200126121628,204.23923773125733,238.0952380952381,0.0,0.0,76.19047619047619,23.80952380952381,14.285714285714286,6.072135785007072,0.5878935751446988,12.287712379549449,4.392317422778761
60,waveform-5000,5000,41,3,40,1,0,0,0,0.0082,1692,1653,33.84,33.06,0.8994882000000001,1.2711155969455497,0.0354682736242672,-0.1964174932196971,1.5848792049207134,3.321800030377516,0.1218706850561126,13.004597489470015,26.256760137584088,121.95121951219512,0.0,0.0,97.5609756097561,2.4390243902439024,0.0,1.0235934664246824,0.9999474462011532,12.287712379549449,5.357552004618084
44,spambase,4601,58,2,57,1,1,0,0,0.0126059552271245,2788,1813,60.59552271245381,39.404477287546186,6.150770191072116,15.193997694546765,11.186639096028683,241.17001865177343,0.9673602371807666,0.7313222870608589,0.0569891583674612,16.97446084294333,11.8326563860683,79.32758620689656,0.0,0.0,98.27586206896552,1.7241379310344829,1.7241379310344829,1.5377826806398236,0.9673602371807666,12.167731741103244,5.857980995127572
183,abalone,4177,9,28,7,2,0,0,0,0.002154656451999,689,1,16.495092171414893,0.0239406272444338,0.3827034098293375,0.1746183889074292,0.6203687756176234,11.033153238708149,3.602007147622906,3.099224811042092,0.4905991085892337,7.342058076666372,5.317224709099492,464.1111111111111,0.0,0.0,77.77777777777777,22.22222222222222,0.0,689.0,0.7492700676406903,12.028251428162791,3.169925001442312
4134,Bioresponse,3751,1777,2,1776,1,836,0,0,0.4737403359104238,2034,1717,54.22553985603839,45.77446014396161,0.0878799984057817,0.1580308124314292,8.206743925756935,162.45088247861273,0.994841931879593,0.5088876507264465,0.0036906968183879,269.55395710724787,136.8838944968464,2.1108610016882388,0.0,0.0,99.94372537985367,0.056274620146314,47.04558244231851,1.1846243447874198,0.994841931879593,11.87305954766147,10.795227966028678
