did,nome,algoritmo,fold,auc
6,letter,hgb,0,0.9995125547343338
6,letter,hgb,1,0.999202069181812
6,letter,hgb,2,0.998908974507051
6,letter,hgb,3,0.9991102233489476
6,letter,hgb,4,0.9995035612201078
6,letter,hgb,5,0.999446617197899
6,letter,hgb,6,0.9993167896987168
6,letter,hgb,7,0.9992092262877028
6,letter,hgb,8,0.9991687710376236
6,letter,hgb,9,0.9992398148506788
6,letter,knn,0,0.995150895958522
6,letter,knn,1,0.9902421864900172
6,letter,knn,2,0.9913376497665348
6,letter,knn,3,0.993475962314146
6,letter,knn,4,0.9937996218397432
6,letter,knn,5,0.9945755440036744
6,letter,knn,6,0.9946023990883486
6,letter,knn,7,0.99356966634903
6,letter,knn,8,0.9913767830776992
6,letter,knn,9,0.9916779813904332
6,letter,logreg,0,0.9802426846395502
6,letter,logreg,1,0.9783158830406364
6,letter,logreg,2,0.9804933843333772
6,letter,logreg,3,0.9803276358167236
6,letter,logreg,4,0.9776727316852504
6,letter,logreg,5,0.977923969724511
6,letter,logreg,6,0.9789690259810117
6,letter,logreg,7,0.9791148041598252
6,letter,logreg,8,0.9777366701897688
6,letter,logreg,9,0.9796586778288005
6,letter,nb,0,0.9523071401788848
6,letter,nb,1,0.9548302437091012
6,letter,nb,2,0.9553046348892624
6,letter,nb,3,0.9527488227725393
6,letter,nb,4,0.9582627155366328
6,letter,nb,5,0.9560734211368296
6,letter,nb,6,0.9586737676225588
6,letter,nb,7,0.955428238227258
6,letter,nb,8,0.9548737792009347
6,letter,nb,9,0.9609411244115452
6,letter,rf,0,0.9992759657581612
6,letter,rf,1,0.9986450626671524
6,letter,rf,2,0.9989106338496788
6,letter,rf,3,0.99858738052256
6,letter,rf,4,0.9987568595629218
6,letter,rf,5,0.9984690925142788
6,letter,rf,6,0.9991235532180228
6,letter,rf,7,0.9989404271171116
6,letter,rf,8,0.9993328316029172
6,letter,rf,9,0.9986152166375324
6,letter,tree,0,0.9222672431371748
6,letter,tree,1,0.9178637625038624
6,letter,tree,2,0.9207116552537908
6,letter,tree,3,0.9067310098185304
6,letter,tree,4,0.9200668804080412
6,letter,tree,5,0.9220942892545776
6,letter,tree,6,0.9134252945207596
6,letter,tree,7,0.9153911056728709
6,letter,tree,8,0.9155618460758296
6,letter,tree,9,0.9179690216219082
28,optdigits,hgb,0,0.999608539283376
28,optdigits,hgb,1,0.9999541219649914
28,optdigits,hgb,2,0.9996146356430636
28,optdigits,hgb,3,0.9997825732638644
28,optdigits,hgb,4,0.999400127994814
28,optdigits,hgb,5,0.9992229244693848
28,optdigits,hgb,6,0.999874712640084
28,optdigits,hgb,7,0.9997827690981068
28,optdigits,hgb,8,0.999946947620313
28,optdigits,hgb,9,0.999697256907702
28,optdigits,knn,0,0.9959524913135382
28,optdigits,knn,1,0.998055730820944
28,optdigits,knn,2,0.9967761481796564
28,optdigits,knn,3,0.9969186380403062
28,optdigits,knn,4,0.9949427193046207
28,optdigits,knn,5,0.9950107193568238
28,optdigits,knn,6,0.9979124866007688
28,optdigits,knn,7,0.9969494827706356
28,optdigits,knn,8,0.9987110467405432
28,optdigits,knn,9,0.9987996719148732
28,optdigits,logreg,0,0.9993324883863608
28,optdigits,logreg,1,0.9991273695038676
28,optdigits,logreg,2,0.999122431665194
28,optdigits,logreg,3,0.9985125820117154
28,optdigits,logreg,4,0.9994155165067738
28,optdigits,logreg,5,0.999462070547702
28,optdigits,logreg,6,0.9994675884964904
28,optdigits,logreg,7,0.9992750713009791
28,optdigits,logreg,8,0.999326014808228
28,optdigits,logreg,9,0.9988639423284632
28,optdigits,nb,0,0.973719441372234
28,optdigits,nb,1,0.9733973955035584
28,optdigits,nb,2,0.9791426812412716
28,optdigits,nb,3,0.9824730769844356
28,optdigits,nb,4,0.9724783074616298
28,optdigits,nb,5,0.9762010189036696
28,optdigits,nb,6,0.980343915060344
28,optdigits,nb,7,0.9775853636240994
28,optdigits,nb,8,0.9802329489906204
28,optdigits,nb,9,0.9769598777191064
28,optdigits,rf,0,0.9997374138566194
28,optdigits,rf,1,0.999947449141776
28,optdigits,rf,2,0.9997646495810516
28,optdigits,rf,3,0.9994915558080816
28,optdigits,rf,4,0.9993014890996296
28,optdigits,rf,5,0.9993672557410342
28,optdigits,rf,6,0.999784022901764
28,optdigits,rf,7,0.9996982159526644
28,optdigits,rf,8,0.9999648399291606
28,optdigits,rf,9,0.999574738763862
28,optdigits,tree,0,0.9376259269080004
28,optdigits,tree,1,0.9585805439586824
28,optdigits,tree,2,0.9507409448631076
28,optdigits,tree,3,0.952567644459549
28,optdigits,tree,4,0.9287287619698308
28,optdigits,tree,5,0.9446197662055844
28,optdigits,tree,6,0.9487669437556808
28,optdigits,tree,7,0.9535187859986956
28,optdigits,tree,8,0.9625112518016504
28,optdigits,tree,9,0.9584641136235764
30,page-blocks,hgb,0,0.9942364847547176
30,page-blocks,hgb,1,0.7323554942478425
30,page-blocks,hgb,2,0.6457191306755259
30,page-blocks,hgb,3,0.7070404169122421
30,page-blocks,hgb,4,0.8013540080435833
30,page-blocks,hgb,5,0.9834872407188804
30,page-blocks,hgb,6,0.6790923666283464
30,page-blocks,hgb,7,0.9945597488363536
30,page-blocks,hgb,8,0.9976397471419955
30,page-blocks,hgb,9,0.9973856542449796
30,page-blocks,knn,0,0.9437742411234852
30,page-blocks,knn,1,0.9389060052444932
30,page-blocks,knn,2,0.9306174263364788
30,page-blocks,knn,3,0.9178632003980964
30,page-blocks,knn,4,0.9524333430500194
30,page-blocks,knn,5,0.9592999161735196
30,page-blocks,knn,6,0.9711835044496692
30,page-blocks,knn,7,0.9694897910041388
30,page-blocks,knn,8,0.9602033050575784
30,page-blocks,knn,9,0.937431980845721
30,page-blocks,logreg,0,0.9405450024727606
30,page-blocks,logreg,1,0.975130803809636
30,page-blocks,logreg,2,0.9854539995675478
30,page-blocks,logreg,3,0.9761342968768788
30,page-blocks,logreg,4,0.9821990992762284
30,page-blocks,logreg,5,0.9826333251491146
30,page-blocks,logreg,6,0.9884646373606112
30,page-blocks,logreg,7,0.9804729094031558
30,page-blocks,logreg,8,0.9969359571293888
30,page-blocks,logreg,9,0.987853011457712
30,page-blocks,nb,0,0.9733316607562869
30,page-blocks,nb,1,0.9647107073534396
30,page-blocks,nb,2,0.9635874381919384
30,page-blocks,nb,3,0.9553182356452826
30,page-blocks,nb,4,0.9699724012445996
30,page-blocks,nb,5,0.9239736130452924
30,page-blocks,nb,6,0.935120359602838
30,page-blocks,nb,7,0.9746743690857088
30,page-blocks,nb,8,0.9730888221632172
30,page-blocks,nb,9,0.977830076142054
30,page-blocks,rf,0,0.9976138351778968
30,page-blocks,rf,1,0.9869420129751214
30,page-blocks,rf,2,0.9807423810849124
30,page-blocks,rf,3,0.981459382524634
30,page-blocks,rf,4,0.9928032183813836
30,page-blocks,rf,5,0.9692633264191064
30,page-blocks,rf,6,0.996075299326702
30,page-blocks,rf,7,0.9851540921849544
30,page-blocks,rf,8,0.9972945664610112
30,page-blocks,rf,9,0.9983916138262254
30,page-blocks,tree,0,0.903611874373038
30,page-blocks,tree,1,0.9156680484484604
30,page-blocks,tree,2,0.8347527159271909
30,page-blocks,tree,3,0.8336741369049208
30,page-blocks,tree,4,0.8548891269884843
30,page-blocks,tree,5,0.9280135112787292
30,page-blocks,tree,6,0.859971596522854
30,page-blocks,tree,7,0.8671244092345674
30,page-blocks,tree,8,0.9292488929722612
30,page-blocks,tree,9,0.9381248325437932
32,pendigits,hgb,0,0.998853824085246
32,pendigits,hgb,1,0.999956643651334
32,pendigits,hgb,2,0.9990676042477066
32,pendigits,hgb,3,0.9999914148351648
32,pendigits,hgb,4,0.9999617276390648
32,pendigits,hgb,5,0.9995743220758776
32,pendigits,hgb,6,0.999798577850984
32,pendigits,hgb,7,0.9999810442599436
32,pendigits,hgb,8,0.9999734531001816
32,pendigits,hgb,9,0.9999686413558786
32,pendigits,knn,0,0.9977524710596825
32,pendigits,knn,1,0.9983585826450008
32,pendigits,knn,2,0.9978091938251646
32,pendigits,knn,3,0.9999994634271978
32,pendigits,knn,4,0.999444110576923
32,pendigits,knn,5,0.9983537139195152
32,pendigits,knn,6,0.9983214419936628
32,pendigits,knn,7,0.9982522430959064
32,pendigits,knn,8,0.9999982715707963
32,pendigits,knn,9,0.9988682270900192
32,pendigits,logreg,0,0.9957115374431272
32,pendigits,logreg,1,0.998254416294896
32,pendigits,logreg,2,0.9971750629072256
32,pendigits,logreg,3,0.9986620755028528
32,pendigits,logreg,4,0.9970049677461184
32,pendigits,logreg,5,0.9968944337488654
32,pendigits,logreg,6,0.9972186693399704
32,pendigits,logreg,7,0.9982628305161836
32,pendigits,logreg,8,0.9981216912926676
32,pendigits,logreg,9,0.9970163576513824
32,pendigits,nb,0,0.9801325526474316
32,pendigits,nb,1,0.97690090807745
32,pendigits,nb,2,0.9777106644968232
32,pendigits,nb,3,0.9820936602229814
32,pendigits,nb,4,0.9802656120842654
32,pendigits,nb,5,0.9796266852501296
32,pendigits,nb,6,0.9783641057043988
32,pendigits,nb,7,0.9848329197765728
32,pendigits,nb,8,0.9803931676269896
32,pendigits,nb,9,0.9818476313049044
32,pendigits,rf,0,0.9985920000139714
32,pendigits,rf,1,0.9999335931801884
32,pendigits,rf,2,0.9996924947172112
32,pendigits,rf,3,0.9999537581875628
32,pendigits,rf,4,0.9999201915226182
32,pendigits,rf,5,0.9993618044243734
32,pendigits,rf,6,0.999774177242374
32,pendigits,rf,7,0.9999559044787716
32,pendigits,rf,8,0.9999782996663182
32,pendigits,rf,9,0.9999204289442124
32,pendigits,tree,0,0.9744388818872476
32,pendigits,tree,1,0.9804661415280884
32,pendigits,tree,2,0.9760528729658984
32,pendigits,tree,3,0.9899449992301208
32,pendigits,tree,4,0.9761364580294336
32,pendigits,tree,5,0.9794741118026516
32,pendigits,tree,6,0.9778648872329736
32,pendigits,tree,7,0.9783618897695228
32,pendigits,tree,8,0.9788974748978896
32,pendigits,tree,9,0.976550863176278
44,spambase,hgb,0,0.98519043680334
44,spambase,hgb,1,0.9902363823227132
44,spambase,hgb,2,0.9922523519645822
44,spambase,hgb,3,0.993980078813442
44,spambase,hgb,4,0.9870492484999704
44,spambase,hgb,5,0.9881383789778015
44,spambase,hgb,6,0.9883166003287194
44,spambase,hgb,7,0.9908315016138932
44,spambase,hgb,8,0.992356284282857
44,spambase,hgb,9,0.9861185370007328
44,spambase,knn,0,0.9453601953601954
44,spambase,knn,1,0.935824966400506
44,spambase,knn,2,0.956656652699818
44,spambase,knn,3,0.9696627655993189
44,spambase,knn,4,0.9727618368680568
44,spambase,knn,5,0.9482167963722056
44,spambase,knn,6,0.9404938711657655
44,spambase,knn,7,0.9700885166042892
44,spambase,knn,8,0.9396918750866352
44,spambase,knn,9,0.9514049783164024
44,spambase,logreg,0,0.964394028910158
44,spambase,logreg,1,0.9704522096608428
44,spambase,logreg,2,0.9738121590639576
44,spambase,logreg,3,0.9698013822055882
44,spambase,logreg,4,0.9701380225350996
44,spambase,logreg,5,0.9707716984494744
44,spambase,logreg,6,0.9762371532109546
44,spambase,logreg,7,0.973088576011406
44,spambase,logreg,8,0.9789302758470464
44,spambase,logreg,9,0.9636824491574092
44,spambase,nb,0,0.9292410098861712
44,spambase,nb,1,0.9361510791366908
44,spambase,nb,2,0.924312198592774
44,spambase,nb,3,0.8961068536010615
44,spambase,nb,4,0.9362858670468724
44,spambase,nb,5,0.9234143250361392
44,spambase,nb,6,0.937721539040377
44,spambase,nb,7,0.9369096417750846
44,spambase,nb,8,0.9611972514307217
44,spambase,nb,9,0.926374779698608
44,spambase,rf,0,0.985692622789397
44,spambase,rf,1,0.981994624080955
44,spambase,rf,2,0.9903747331804886
44,spambase,rf,3,0.99420780609517
44,spambase,rf,4,0.9864848808887304
44,spambase,rf,5,0.984207608071447
44,spambase,rf,6,0.9863165607239748
44,spambase,rf,7,0.98798986118537
44,spambase,rf,8,0.9901384185825464
44,spambase,rf,9,0.9862868571654884
44,spambase,tree,0,0.8803418803418803
44,spambase,tree,1,0.8979958890030834
44,spambase,tree,2,0.918175349830026
44,spambase,tree,3,0.9445236539337412
44,spambase,tree,4,0.9065922097467276
44,spambase,tree,5,0.9017406285272976
44,spambase,tree,6,0.9089090873086596
44,spambase,tree,7,0.9162260638824532
44,spambase,tree,8,0.9199588110655657
44,spambase,tree,9,0.8941761222994515
60,waveform-5000,hgb,0,0.9664763387811034
60,waveform-5000,hgb,1,0.9674320115418692
60,waveform-5000,hgb,2,0.9690706155787684
60,waveform-5000,hgb,3,0.96969808470534
60,waveform-5000,hgb,4,0.9592052814526218
60,waveform-5000,hgb,5,0.9595346795434592
60,waveform-5000,hgb,6,0.9732586621260898
60,waveform-5000,hgb,7,0.972699327315644
60,waveform-5000,hgb,8,0.96575095987644
60,waveform-5000,hgb,9,0.97369252282027
60,waveform-5000,knn,0,0.9190093615071444
60,waveform-5000,knn,1,0.9270143139212216
60,waveform-5000,knn,2,0.9204385071930462
60,waveform-5000,knn,3,0.9195535614585156
60,waveform-5000,knn,4,0.9206039232347868
60,waveform-5000,knn,5,0.9167620453880332
60,waveform-5000,knn,6,0.9108435984072508
60,waveform-5000,knn,7,0.917889773390218
60,waveform-5000,knn,8,0.9224735145586734
60,waveform-5000,knn,9,0.926131570783236
60,waveform-5000,logreg,0,0.9734250098683388
60,waveform-5000,logreg,1,0.972524726195944
60,waveform-5000,logreg,2,0.9695561273292916
60,waveform-5000,logreg,3,0.9702285749906676
60,waveform-5000,logreg,4,0.9635792484877383
60,waveform-5000,logreg,5,0.9689602788198048
60,waveform-5000,logreg,6,0.97184789067142
60,waveform-5000,logreg,7,0.9738177704296652
60,waveform-5000,logreg,8,0.9672550464408184
60,waveform-5000,logreg,9,0.9770008227755596
60,waveform-5000,nb,0,0.9577006939115948
60,waveform-5000,nb,1,0.9574071962212566
60,waveform-5000,nb,2,0.9565381123105218
60,waveform-5000,nb,3,0.955665798723388
60,waveform-5000,nb,4,0.9430208404831254
60,waveform-5000,nb,5,0.9468576901588316
60,waveform-5000,nb,6,0.9648190420446786
60,waveform-5000,nb,7,0.9582143374168042
60,waveform-5000,nb,8,0.953930444545584
60,waveform-5000,nb,9,0.9658574678474852
60,waveform-5000,rf,0,0.9709492181750476
60,waveform-5000,rf,1,0.9698314653336286
60,waveform-5000,rf,2,0.9708677301415244
60,waveform-5000,rf,3,0.9669626728097744
60,waveform-5000,rf,4,0.9599748551064464
60,waveform-5000,rf,5,0.9624955436720144
60,waveform-5000,rf,6,0.9722128661505308
60,waveform-5000,rf,7,0.9684109935861236
60,waveform-5000,rf,8,0.9634894861188432
60,waveform-5000,rf,9,0.9699365797692844
60,waveform-5000,tree,0,0.8185982514964084
60,waveform-5000,tree,1,0.80673310774193
60,waveform-5000,tree,2,0.8005104551239421
60,waveform-5000,tree,3,0.8078094599170145
60,waveform-5000,tree,4,0.8110302685042505
60,waveform-5000,tree,5,0.7947965165261038
60,waveform-5000,tree,6,0.8229578489016592
60,waveform-5000,tree,7,0.811044252222422
60,waveform-5000,tree,8,0.7930831614344123
60,waveform-5000,tree,9,0.8080669247430464
151,electricity,hgb,0,0.927017819706499
151,electricity,hgb,1,0.9369963639937108
151,electricity,hgb,2,0.9345150353773586
151,electricity,hgb,3,0.9320132337526206
151,electricity,hgb,4,0.9387652319182392
151,electricity,hgb,5,0.9345227621483376
151,electricity,hgb,6,0.9382588235294118
151,electricity,hgb,7,0.930246547314578
151,electricity,hgb,8,0.9489063938618926
151,electricity,hgb,9,0.9489677749360614
151,electricity,knn,0,0.8511407560272537
151,electricity,knn,1,0.8623313024109014
151,electricity,knn,2,0.8747010940775681
151,electricity,knn,3,0.8492654284591195
151,electricity,knn,4,0.8614714360587002
151,electricity,knn,5,0.8514271099744246
151,electricity,knn,6,0.8596787723785166
151,electricity,knn,7,0.8507191815856778
151,electricity,knn,8,0.8781237851662405
151,electricity,knn,9,0.8469012787723785
151,electricity,logreg,0,0.8082784656708596
151,electricity,logreg,1,0.8138921645702306
151,electricity,logreg,2,0.8455925707547169
151,electricity,logreg,3,0.8126965408805031
151,electricity,logreg,4,0.8320148715932913
151,electricity,logreg,5,0.8332398976982096
151,electricity,logreg,6,0.8137780051150895
151,electricity,logreg,7,0.8063263427109975
151,electricity,logreg,8,0.82556726342711
151,electricity,logreg,9,0.8470424552429667
151,electricity,nb,0,0.7592374213836477
151,electricity,nb,1,0.7847263168238994
151,electricity,nb,2,0.8111016935272536
151,electricity,nb,3,0.788047038784067
151,electricity,nb,4,0.7894064465408804
151,electricity,nb,5,0.7881166240409208
151,electricity,nb,6,0.7696409207161125
151,electricity,nb,7,0.778093094629156
151,electricity,nb,8,0.7891805626598465
151,electricity,nb,9,0.8062076726342711
151,electricity,rf,0,0.9320029972484276
151,electricity,rf,1,0.9352561582809223
151,electricity,rf,2,0.9397479363207548
151,electricity,rf,3,0.9318392131813418
151,electricity,rf,4,0.9366565120545074
151,electricity,rf,5,0.9321616368286446
151,electricity,rf,6,0.9332685421994884
151,electricity,rf,7,0.9268869565217392
151,electricity,rf,8,0.9496757033248082
151,electricity,rf,9,0.9439038363171356
151,electricity,tree,0,0.808978642557652
151,electricity,tree,1,0.8127620545073375
151,electricity,tree,2,0.8126474056603774
151,electricity,tree,3,0.8017230083857443
151,electricity,tree,4,0.8312532756813417
151,electricity,tree,5,0.8310997442455242
151,electricity,tree,6,0.8056777493606139
151,electricity,tree,7,0.8053708439897699
151,electricity,tree,8,0.8241943734015346
151,electricity,tree,9,0.8325319693094629
182,satimage,hgb,0,0.9943062932005045
182,satimage,hgb,1,0.9885946299568348
182,satimage,hgb,2,0.9914228095501024
182,satimage,hgb,3,0.9906587253169762
182,satimage,hgb,4,0.9905289737819828
182,satimage,hgb,5,0.9925800365941304
182,satimage,hgb,6,0.991438744852197
182,satimage,hgb,7,0.9904382986289684
182,satimage,hgb,8,0.9925910870273492
182,satimage,hgb,9,0.9945649533190516
182,satimage,knn,0,0.9821646312573264
182,satimage,knn,1,0.9732609810158966
182,satimage,knn,2,0.980902997074474
182,satimage,knn,3,0.9759244584344332
182,satimage,knn,4,0.980652798901365
182,satimage,knn,5,0.9827277696408476
182,satimage,knn,6,0.983343303247766
182,satimage,knn,7,0.9821741751443436
182,satimage,knn,8,0.9817028925247804
182,satimage,knn,9,0.9814809174361034
182,satimage,logreg,0,0.9771223114721792
182,satimage,logreg,1,0.9715603388808391
182,satimage,logreg,2,0.9805214299888152
182,satimage,logreg,3,0.9754392026463456
182,satimage,logreg,4,0.9788112669905894
182,satimage,logreg,5,0.9794955898261192
182,satimage,logreg,6,0.9782050648381934
182,satimage,logreg,7,0.973757785745545
182,satimage,logreg,8,0.974958690552573
182,satimage,logreg,9,0.9768220503748896
182,satimage,nb,0,0.9535643887855724
182,satimage,nb,1,0.952579251221235
182,satimage,nb,2,0.9594113030636676
182,satimage,nb,3,0.9570279829603612
182,satimage,nb,4,0.958759164786051
182,satimage,nb,5,0.959001283335114
182,satimage,nb,6,0.9595039670515336
182,satimage,nb,7,0.950504713498132
182,satimage,nb,8,0.9526439086044975
182,satimage,nb,9,0.9553524582402168
182,satimage,rf,0,0.992867504767088
182,satimage,rf,1,0.9874703960164828
182,satimage,rf,2,0.9924086612145392
182,satimage,rf,3,0.9878478126456476
182,satimage,rf,4,0.9903680557038144
182,satimage,rf,5,0.989870897803448
182,satimage,rf,6,0.9917281816385644
182,satimage,rf,7,0.9887287836405224
182,satimage,rf,8,0.9905810930655848
182,satimage,rf,9,0.9920788509910112
182,satimage,tree,0,0.8991907539161127
182,satimage,tree,1,0.9112253164159396
182,satimage,tree,2,0.9118144546278668
182,satimage,tree,3,0.9057569629761584
182,satimage,tree,4,0.9041541552762856
182,satimage,tree,5,0.8974072577049971
182,satimage,tree,6,0.902948883275376
182,satimage,tree,7,0.901378691670163
182,satimage,tree,8,0.904922924516734
182,satimage,tree,9,0.900165807176263
183,abalone,hgb,0,0.5025325117559973
183,abalone,hgb,1,0.8035085630083947
183,abalone,hgb,2,0.5026583224613801
183,abalone,hgb,3,0.8021128431076657
183,abalone,hgb,4,0.7942812345906569
183,abalone,hgb,5,0.7887612737265544
183,abalone,hgb,6,0.7876743840402044
183,abalone,hgb,7,0.794655083244375
183,abalone,hgb,8,0.7911476955206949
183,abalone,hgb,9,0.4966525659563937
183,abalone,knn,0,0.6439879281751737
183,abalone,knn,1,0.6685972711972397
183,abalone,knn,2,0.6388912998222213
183,abalone,knn,3,0.649279131071006
183,abalone,knn,4,0.6471509510724055
183,abalone,knn,5,0.6647971349174085
183,abalone,knn,6,0.6573848551037355
183,abalone,knn,7,0.6442779713956276
183,abalone,knn,8,0.6480681764154186
183,abalone,knn,9,0.649122303511647
183,abalone,logreg,0,0.8506000800412284
183,abalone,logreg,1,0.8467225231804998
183,abalone,logreg,2,0.8122747534403171
183,abalone,logreg,3,0.8588372897691234
183,abalone,logreg,4,0.850099283600601
183,abalone,logreg,5,0.8385820032324159
183,abalone,logreg,6,0.8380211961336479
183,abalone,logreg,7,0.8395916463268321
183,abalone,logreg,8,0.8421253951143356
183,abalone,logreg,9,0.8310071278172346
183,abalone,nb,0,0.7778649015489032
183,abalone,nb,1,0.7379387715576513
183,abalone,nb,2,0.7246548263447096
183,abalone,nb,3,0.7735678787736572
183,abalone,nb,4,0.7633044628896783
183,abalone,nb,5,0.7411402885175044
183,abalone,nb,6,0.767528186087849
183,abalone,nb,7,0.7222888135487272
183,abalone,nb,8,0.7452446466555602
183,abalone,nb,9,0.7515285002926201
183,abalone,rf,0,0.7643762962432467
183,abalone,rf,1,0.7582992186206643
183,abalone,rf,2,0.7410123250698257
183,abalone,rf,3,0.801512079989777
183,abalone,rf,4,0.808359685750441
183,abalone,rf,5,0.7728786796987986
183,abalone,rf,6,0.792060800371644
183,abalone,rf,7,0.7722190083448698
183,abalone,rf,8,0.7990367760854853
183,abalone,rf,9,0.7737825775071695
183,abalone,tree,0,0.5276954386456837
183,abalone,tree,1,0.551187299476845
183,abalone,tree,2,0.5585659504173145
183,abalone,tree,3,0.5477179033132381
183,abalone,tree,4,0.566018770451998
183,abalone,tree,5,0.5879379738369861
183,abalone,tree,6,0.530780474991887
183,abalone,tree,7,0.575388920347061
183,abalone,tree,8,0.548667343787324
183,abalone,tree,9,0.5272363812508554
300,isolet,hgb,0,0.999094017094017
300,isolet,hgb,1,0.9990529914529914
300,isolet,hgb,2,0.9988324786324784
300,isolet,hgb,3,0.9992940170940172
300,isolet,hgb,4,0.99908547008547
300,isolet,hgb,5,0.9994769230769232
300,isolet,hgb,6,0.9991025641025642
300,isolet,hgb,7,0.999454947888077
300,isolet,hgb,8,0.998698725916902
300,isolet,hgb,9,0.9989813213964036
300,isolet,knn,0,0.9863299145299144
300,isolet,knn,1,0.9912555555555556
300,isolet,knn,2,0.9861547008547008
300,isolet,knn,3,0.9861051282051284
300,isolet,knn,4,0.9891435897435898
300,isolet,knn,5,0.9897461538461538
300,isolet,knn,6,0.9914068376068378
300,isolet,knn,7,0.992914236370569
300,isolet,knn,8,0.9861222343023824
300,isolet,knn,9,0.9864074220977218
300,isolet,logreg,0,0.9994820512820513
300,isolet,logreg,1,0.9993401709401708
300,isolet,logreg,2,0.9989299145299146
300,isolet,logreg,3,0.9991230769230768
300,isolet,logreg,4,0.9993008547008546
300,isolet,logreg,5,0.999208547008547
300,isolet,logreg,6,0.998217094017094
300,isolet,logreg,7,0.9994231743119916
300,isolet,logreg,8,0.9989854931833664
300,isolet,logreg,9,0.9996267395725984
300,isolet,nb,0,0.9907871794871794
300,isolet,nb,1,0.9866735042735044
300,isolet,nb,2,0.9849854700854702
300,isolet,nb,3,0.9905735042735044
300,isolet,nb,4,0.9867017094017094
300,isolet,nb,5,0.9909589743589744
300,isolet,nb,6,0.9832786324786325
300,isolet,nb,7,0.992894841220655
300,isolet,nb,8,0.984963804376953
300,isolet,nb,9,0.9885195551038284
300,isolet,rf,0,0.998917094017094
300,isolet,rf,1,0.9972863247863248
300,isolet,rf,2,0.997563247863248
300,isolet,rf,3,0.9988418803418804
300,isolet,rf,4,0.9989564102564104
300,isolet,rf,5,0.9987863247863248
300,isolet,rf,6,0.9984188034188034
300,isolet,rf,7,0.9993062415079818
300,isolet,rf,8,0.9981919860137712
300,isolet,rf,9,0.9985720872746332
300,isolet,tree,0,0.8980000000000001
300,isolet,tree,1,0.9106666666666664
300,isolet,tree,2,0.8953333333333333
300,isolet,tree,3,0.906
300,isolet,tree,4,0.9106666666666666
300,isolet,tree,5,0.9053333333333332
300,isolet,tree,6,0.9033333333333332
300,isolet,tree,7,0.9124633799973794
300,isolet,tree,8,0.9039068584224884
300,isolet,tree,9,0.9085736962575508
554,mnist_784,hgb,0,0.9985160055525972
554,mnist_784,hgb,1,0.99839551606297
554,mnist_784,hgb,2,0.9994656722838724
554,mnist_784,hgb,3,0.9975760500214876
554,mnist_784,hgb,4,0.998804592698438
554,mnist_784,hgb,5,0.9989673787847532
554,mnist_784,hgb,6,0.9989623382279718
554,mnist_784,hgb,7,0.9986342670965078
554,mnist_784,hgb,8,0.9983630600937032
554,mnist_784,hgb,9,0.9983736378188274
554,mnist_784,knn,0,0.9858917090643704
554,mnist_784,knn,1,0.983365104169536
554,mnist_784,knn,2,0.9835438677255512
554,mnist_784,knn,3,0.9815791982165516
554,mnist_784,knn,4,0.9821131577242196
554,mnist_784,knn,5,0.98528101461712
554,mnist_784,knn,6,0.985471087476648
554,mnist_784,knn,7,0.983685877904234
554,mnist_784,knn,8,0.9860683182469552
554,mnist_784,knn,9,0.9875732904165392
554,mnist_784,logreg,0,0.9858880707848656
554,mnist_784,logreg,1,0.9894458091927134
554,mnist_784,logreg,2,0.9891127200684656
554,mnist_784,logreg,3,0.9832191163115974
554,mnist_784,logreg,4,0.9819708523048124
554,mnist_784,logreg,5,0.9889577862415504
554,mnist_784,logreg,6,0.9857566546394124
554,mnist_784,logreg,7,0.987323616302246
554,mnist_784,logreg,8,0.987942910157512
554,mnist_784,logreg,9,0.9837305305989196
554,mnist_784,nb,0,0.9142918478568764
554,mnist_784,nb,1,0.9149853381570684
554,mnist_784,nb,2,0.8996301286613818
554,mnist_784,nb,3,0.9005259346882382
554,mnist_784,nb,4,0.901258452992774
554,mnist_784,nb,5,0.9037113229482292
554,mnist_784,nb,6,0.9136227946213842
554,mnist_784,nb,7,0.9090054050390004
554,mnist_784,nb,8,0.9058647479814576
554,mnist_784,nb,9,0.913212018528024
554,mnist_784,rf,0,0.9968776536733208
554,mnist_784,rf,1,0.997682407617696
554,mnist_784,rf,2,0.9977803330961236
554,mnist_784,rf,3,0.9949101953461592
554,mnist_784,rf,4,0.9972709269602188
554,mnist_784,rf,5,0.9980824654963568
554,mnist_784,rf,6,0.9980027375500252
554,mnist_784,rf,7,0.9970879634774604
554,mnist_784,rf,8,0.997744233307612
554,mnist_784,rf,9,0.9970983118225604
554,mnist_784,tree,0,0.8976499569506435
554,mnist_784,tree,1,0.893507244185952
554,mnist_784,tree,2,0.8899000807282675
554,mnist_784,tree,3,0.8834461029910571
554,mnist_784,tree,4,0.8888837784384581
554,mnist_784,tree,5,0.8825028500647703
554,mnist_784,tree,6,0.8918019720248186
554,mnist_784,tree,7,0.8781478924221962
554,mnist_784,tree,8,0.8941694142961731
554,mnist_784,tree,9,0.8907526251024148
1053,jm1,hgb,0,0.7759051306251645
1053,jm1,hgb,1,0.7408588066850292
1053,jm1,hgb,2,0.7194849471271452
1053,jm1,hgb,3,0.7634236698319754
1053,jm1,hgb,4,0.7320145617042587
1053,jm1,hgb,5,0.7422104832314343
1053,jm1,hgb,6,0.7502877900283954
1053,jm1,hgb,7,0.7965612289273746
1053,jm1,hgb,8,0.7277890051418485
1053,jm1,hgb,9,0.7217198332096902
1053,jm1,knn,0,0.7166310328665627
1053,jm1,knn,1,0.6772380273641903
1053,jm1,knn,2,0.6697356678287779
1053,jm1,knn,3,0.6878158085662371
1053,jm1,knn,4,0.6982459181642493
1053,jm1,knn,5,0.6709568698677444
1053,jm1,knn,6,0.6923108899746745
1053,jm1,knn,7,0.7238175027499936
1053,jm1,knn,8,0.6684051316159729
1053,jm1,knn,9,0.6809687651889182
1053,jm1,logreg,0,0.7110130914087229
1053,jm1,logreg,1,0.7064545331972187
1053,jm1,logreg,2,0.7105636560920957
1053,jm1,logreg,3,0.7632920494892489
1053,jm1,logreg,4,0.7293179498044956
1053,jm1,logreg,5,0.6881539228978538
1053,jm1,logreg,6,0.7062878923537388
1053,jm1,logreg,7,0.748852037553401
1053,jm1,logreg,8,0.679478652375227
1053,jm1,logreg,9,0.703109411373462
1053,jm1,nb,0,0.6753022452504317
1053,jm1,nb,1,0.6922909002189392
1053,jm1,nb,2,0.6858479239298625
1053,jm1,nb,3,0.7369069861509718
1053,jm1,nb,4,0.6902106567534078
1053,jm1,nb,5,0.6746405822312042
1053,jm1,nb,6,0.6965414033920851
1053,jm1,nb,7,0.7205718707630914
1053,jm1,nb,8,0.6547031285973754
1053,jm1,nb,9,0.686126602031158
1053,jm1,rf,0,0.7892758312948231
1053,jm1,rf,1,0.7404607354045881
1053,jm1,rf,2,0.736114053842351
1053,jm1,rf,3,0.7586179221963261
1053,jm1,rf,4,0.7489967961682428
1053,jm1,rf,5,0.7620711928576911
1053,jm1,rf,6,0.7327965516359265
1053,jm1,rf,7,0.8074205059988233
1053,jm1,rf,8,0.7148192678621679
1053,jm1,rf,9,0.7327134122943901
1053,jm1,tree,0,0.6395336145514314
1053,jm1,tree,1,0.5834601382976674
1053,jm1,tree,2,0.5862434270084943
1053,jm1,tree,3,0.5587636676490039
1053,jm1,tree,4,0.5819352684733966
1053,jm1,tree,5,0.5789631884577012
1053,jm1,tree,6,0.6012892993272109
1053,jm1,tree,7,0.6240055255685452
1053,jm1,tree,8,0.5647495587219564
1053,jm1,tree,9,0.5798489422117623
1120,MagicTelescope,hgb,0,0.9408845398428732
1120,MagicTelescope,hgb,1,0.9255532758136924
1120,MagicTelescope,hgb,2,0.9318927118406284
1120,MagicTelescope,hgb,3,0.9330062780583614
1120,MagicTelescope,hgb,4,0.9270175715488216
1120,MagicTelescope,hgb,5,0.9424409020763188
1120,MagicTelescope,hgb,6,0.9290997765574036
1120,MagicTelescope,hgb,7,0.9316766096427114
1120,MagicTelescope,hgb,8,0.9239197713773984
1120,MagicTelescope,hgb,9,0.9270321643203
1120,MagicTelescope,knn,0,0.8817208543771045
1120,MagicTelescope,knn,1,0.8697894746071828
1120,MagicTelescope,knn,2,0.8512797243265993
1120,MagicTelescope,knn,3,0.8712756909371492
1120,MagicTelescope,knn,4,0.8622137170314252
1120,MagicTelescope,knn,5,0.8829856726992142
1120,MagicTelescope,knn,6,0.8765315036501476
1120,MagicTelescope,knn,7,0.8569286959117468
1120,MagicTelescope,knn,8,0.8726245505906522
1120,MagicTelescope,knn,9,0.8697492087322596
1120,MagicTelescope,logreg,0,0.854683992704826
1120,MagicTelescope,logreg,1,0.8350299873737375
1120,MagicTelescope,logreg,2,0.830374053030303
1120,MagicTelescope,logreg,3,0.835306186868687
1120,MagicTelescope,logreg,4,0.8352667297979799
1120,MagicTelescope,logreg,5,0.8389230850168351
1120,MagicTelescope,logreg,6,0.8279228618211669
1120,MagicTelescope,logreg,7,0.8363250058165312
1120,MagicTelescope,logreg,8,0.8367991079855486
1120,MagicTelescope,logreg,9,0.8337306133916303
1120,MagicTelescope,nb,0,0.7602084210157126
1120,MagicTelescope,nb,1,0.7726987759539843
1120,MagicTelescope,nb,2,0.7668635136083053
1120,MagicTelescope,nb,3,0.744741249298541
1120,MagicTelescope,nb,4,0.7426346801346801
1120,MagicTelescope,nb,5,0.7472117003367003
1120,MagicTelescope,nb,6,0.7469567469567469
1120,MagicTelescope,nb,7,0.7556573997251963
1120,MagicTelescope,nb,8,0.7735767057800956
1120,MagicTelescope,nb,9,0.7419962335216572
1120,MagicTelescope,rf,0,0.9389116863075196
1120,MagicTelescope,rf,1,0.9251521289281708
1120,MagicTelescope,rf,2,0.9279294682940517
1120,MagicTelescope,rf,3,0.9327695356341188
1120,MagicTelescope,rf,4,0.929919858305275
1120,MagicTelescope,rf,5,0.9425899621212122
1120,MagicTelescope,rf,6,0.928013292420072
1120,MagicTelescope,rf,7,0.9338693321744168
1120,MagicTelescope,rf,8,0.9251994082502556
1120,MagicTelescope,rf,9,0.928283267266318
1120,MagicTelescope,tree,0,0.805432800224467
1120,MagicTelescope,tree,1,0.7860725308641975
1120,MagicTelescope,tree,2,0.7828633557800224
1120,MagicTelescope,tree,3,0.7956123737373737
1120,MagicTelescope,tree,4,0.7853886083052749
1120,MagicTelescope,tree,5,0.8118862233445566
1120,MagicTelescope,tree,6,0.8184320387710218
1120,MagicTelescope,tree,7,0.7981839253025694
1120,MagicTelescope,tree,8,0.7960614401292367
1120,MagicTelescope,tree,9,0.7932124372802338
1461,bank-marketing,hgb,0,0.9297654654393048
1461,bank-marketing,hgb,1,0.9265615471730988
1461,bank-marketing,hgb,2,0.9332500895354804
1461,bank-marketing,hgb,3,0.9299880942010048
1461,bank-marketing,hgb,4,0.9462980708733822
1461,bank-marketing,hgb,5,0.923725450339267
1461,bank-marketing,hgb,6,0.9327951525007016
1461,bank-marketing,hgb,7,0.8995653899391158
1461,bank-marketing,hgb,8,0.9008237264182904
1461,bank-marketing,hgb,9,0.9062926503470105
1461,bank-marketing,knn,0,0.8408204353844217
1461,bank-marketing,knn,1,0.845931217392146
1461,bank-marketing,knn,2,0.8104800069692482
1461,bank-marketing,knn,3,0.8237022195119589
1461,bank-marketing,knn,4,0.8074309608850947
1461,bank-marketing,knn,5,0.7907096049791407
1461,bank-marketing,knn,6,0.8199610883642594
1461,bank-marketing,knn,7,0.7786731325802674
1461,bank-marketing,knn,8,0.8108236296231767
1461,bank-marketing,knn,9,0.8404671332191151
1461,bank-marketing,logreg,0,0.9164561372941892
1461,bank-marketing,logreg,1,0.9208893535054352
1461,bank-marketing,logreg,2,0.901094752736882
1461,bank-marketing,logreg,3,0.8930897968270561
1461,bank-marketing,logreg,4,0.915313954951554
1461,bank-marketing,logreg,5,0.8991782094839853
1461,bank-marketing,logreg,6,0.9118293308553784
1461,bank-marketing,logreg,7,0.8868368324766966
1461,bank-marketing,logreg,8,0.8814550241503809
1461,bank-marketing,logreg,9,0.906708869336276
1461,bank-marketing,nb,0,0.7945620505076905
1461,bank-marketing,nb,1,0.8159489308979683
1461,bank-marketing,nb,2,0.8070582996970315
1461,bank-marketing,nb,3,0.8038447019194471
1461,bank-marketing,nb,4,0.8147051136858611
1461,bank-marketing,nb,5,0.7506412676288101
1461,bank-marketing,nb,6,0.8054273020297936
1461,bank-marketing,nb,7,0.7865958126433779
1461,bank-marketing,nb,8,0.7881445344639003
1461,bank-marketing,nb,9,0.8372874137313548
1461,bank-marketing,rf,0,0.9257194296831897
1461,bank-marketing,rf,1,0.9307576153555768
1461,bank-marketing,rf,2,0.9207877186359632
1461,bank-marketing,rf,3,0.9106387509558518
1461,bank-marketing,rf,4,0.9408146276775948
1461,bank-marketing,rf,5,0.9201440311293086
1461,bank-marketing,rf,6,0.9263002003658856
1461,bank-marketing,rf,7,0.9006543349691708
1461,bank-marketing,rf,8,0.9006252964350361
1461,bank-marketing,rf,9,0.9071154088141632
1461,bank-marketing,tree,0,0.6916978830908617
1461,bank-marketing,tree,1,0.7121894086786498
1461,bank-marketing,tree,2,0.6800098731016059
1461,bank-marketing,tree,3,0.7156401544850016
1461,bank-marketing,tree,4,0.6746038659968445
1461,bank-marketing,tree,5,0.6463880903292002
1461,bank-marketing,tree,6,0.7025098973003843
1461,bank-marketing,tree,7,0.6398495803931818
1461,bank-marketing,tree,8,0.6854158802063671
1461,bank-marketing,tree,9,0.6851593731548431
1476,gas-drift,hgb,0,0.9982993278015204
1476,gas-drift,hgb,1,0.999959378070363
1476,gas-drift,hgb,2,0.9999710208473884
1476,gas-drift,hgb,3,0.9995600540329936
1476,gas-drift,hgb,4,0.9986977411017812
1476,gas-drift,hgb,5,0.9999313382506207
1476,gas-drift,hgb,6,0.9989727446410538
1476,gas-drift,hgb,7,0.999975674692231
1476,gas-drift,hgb,8,0.99998612716825
1476,gas-drift,hgb,9,0.9999244406319449
1476,gas-drift,knn,0,0.9979307479216596
1476,gas-drift,knn,1,0.999447487658273
1476,gas-drift,knn,2,0.9991421745386808
1476,gas-drift,knn,3,0.997531390400378
1476,gas-drift,knn,4,0.9983565769340502
1476,gas-drift,knn,5,0.9978427732315436
1476,gas-drift,knn,6,0.9940364306539308
1476,gas-drift,knn,7,0.998024990880646
1476,gas-drift,knn,8,0.9990593015295663
1476,gas-drift,knn,9,0.99607066531786
1476,gas-drift,logreg,0,0.9966087867065236
1476,gas-drift,logreg,1,0.9984778992284
1476,gas-drift,logreg,2,0.9992907979000524
1476,gas-drift,logreg,3,0.9979578832822265
1476,gas-drift,logreg,4,0.99851275005547
1476,gas-drift,logreg,5,0.9981401725936097
1476,gas-drift,logreg,6,0.9949128206216196
1476,gas-drift,logreg,7,0.9980439829362532
1476,gas-drift,logreg,8,0.9981399969084448
1476,gas-drift,logreg,9,0.9960204389774164
1476,gas-drift,nb,0,0.8407619672707668
1476,gas-drift,nb,1,0.8366153684316702
1476,gas-drift,nb,2,0.8391665675804266
1476,gas-drift,nb,3,0.8267723981321956
1476,gas-drift,nb,4,0.8356817687139252
1476,gas-drift,nb,5,0.8431921632425944
1476,gas-drift,nb,6,0.8291631589929708
1476,gas-drift,nb,7,0.8238071789309128
1476,gas-drift,nb,8,0.8455704316189919
1476,gas-drift,nb,9,0.8421448945702803
1476,gas-drift,rf,0,0.9984715427177664
1476,gas-drift,rf,1,0.9999434476334632
1476,gas-drift,rf,2,0.999898820875969
1476,gas-drift,rf,3,0.9991890191621136
1476,gas-drift,rf,4,0.9990863914469508
1476,gas-drift,rf,5,0.9998487663338356
1476,gas-drift,rf,6,0.9996286755698428
1476,gas-drift,rf,7,0.9999525470682764
1476,gas-drift,rf,8,0.999840914356891
1476,gas-drift,rf,9,0.9998551604161288
1476,gas-drift,tree,0,0.9854220832348632
1476,gas-drift,tree,1,0.9765015537141174
1476,gas-drift,tree,2,0.9834359790691246
1476,gas-drift,tree,3,0.9812608977227462
1476,gas-drift,tree,4,0.9783369142992214
1476,gas-drift,tree,5,0.9868383470860634
1476,gas-drift,tree,6,0.9748778228666564
1476,gas-drift,tree,7,0.9840316379918328
1476,gas-drift,tree,8,0.984257933769462
1476,gas-drift,tree,9,0.9795646304701056
1478,har,hgb,0,0.9999294966855942
1478,har,hgb,1,0.9999157998262644
1478,har,hgb,2,0.999909187093773
1478,har,hgb,3,0.999963868243371
1478,har,hgb,4,0.9999534286241092
1478,har,hgb,5,0.9998781337926546
1478,har,hgb,6,0.999985179980042
1478,har,hgb,7,0.999897262309871
1478,har,hgb,8,0.9999805593959228
1478,har,hgb,9,0.999896566204388
1478,har,knn,0,0.9976193337282186
1478,har,knn,1,0.9974847385230587
1478,har,knn,2,0.99548588534522
1478,har,knn,3,0.9967123342924834
1478,har,knn,4,0.9983759425833668
1478,har,knn,5,0.9973667694928708
1478,har,knn,6,0.9967600852346924
1478,har,knn,7,0.9975284735999376
1478,har,knn,8,0.99703781215343
1478,har,knn,9,0.9977393753978872
1478,har,logreg,0,0.9989453073216884
1478,har,logreg,1,0.999337472717978
1478,har,logreg,2,0.999650168521362
1478,har,logreg,3,0.9994282115464186
1478,har,logreg,4,0.9996025149665604
1478,har,logreg,5,0.9991658392189856
1478,har,logreg,6,0.999838320022634
1478,har,logreg,7,0.9990390213654944
1478,har,logreg,8,0.9994051485073564
1478,har,logreg,9,0.9993235523677236
1478,har,nb,0,0.974409739793894
1478,har,nb,1,0.9624009298907122
1478,har,nb,2,0.959506839355872
1478,har,nb,3,0.965542716969868
1478,har,nb,4,0.9645450831355232
1478,har,nb,5,0.9673636070979136
1478,har,nb,6,0.957930967454089
1478,har,nb,7,0.9527191926554788
1478,har,nb,8,0.958779563800064
1478,har,nb,9,0.9581019348489336
1478,har,rf,0,0.999697558961518
1478,har,rf,1,0.9992258755856436
1478,har,rf,2,0.9995285921348324
1478,har,rf,3,0.9996372992052416
1478,har,rf,4,0.9995807328582466
1478,har,rf,5,0.9992959299317064
1478,har,rf,6,0.9997158307504534
1478,har,rf,7,0.999413368107176
1478,har,rf,8,0.9996221734856424
1478,har,rf,9,0.9993702949099476
1478,har,tree,0,0.9623853111001464
1478,har,tree,1,0.9490252963887018
1478,har,tree,2,0.9680562254752229
1478,har,tree,3,0.9623298450647108
1478,har,tree,4,0.9464526891546322
1478,har,tree,5,0.9537639778010956
1478,har,tree,6,0.9653431558215292
1478,har,tree,7,0.9517303752067916
1478,har,tree,8,0.963890846171378
1478,har,tree,9,0.9679070593102684
1486,nomao,hgb,0,0.9940031897926636
1486,nomao,hgb,1,0.9899595141700406
1486,nomao,hgb,2,0.99364004416636
1486,nomao,hgb,3,0.9905729358360936
1486,nomao,hgb,4,0.990720064249476
1486,nomao,hgb,5,0.9930363753893166
1486,nomao,hgb,6,0.9913370942782708
1486,nomao,hgb,7,0.9970666588313648
1486,nomao,hgb,8,0.9912587412587412
1486,nomao,hgb,9,0.9921793892382128
1486,nomao,knn,0,0.970104281683229
1486,nomao,knn,1,0.9604980983928352
1486,nomao,knn,2,0.9760053981106612
1486,nomao,knn,3,0.969471230523862
1486,nomao,knn,4,0.9661319073083778
1486,nomao,knn,5,0.9780244265538384
1486,nomao,knn,6,0.9650692444810092
1486,nomao,knn,7,0.976584689819984
1486,nomao,knn,8,0.979292766057472
1486,nomao,knn,9,0.9707596325243384
1486,nomao,logreg,0,0.987731566678935
1486,nomao,logreg,1,0.9828487302171512
1486,nomao,logreg,2,0.988570727518096
1486,nomao,logreg,3,0.98366335418967
1486,nomao,logreg,4,0.988614326849621
1486,nomao,logreg,5,0.9886975769328712
1486,nomao,logreg,6,0.9815037903273196
1486,nomao,logreg,7,0.993511390570214
1486,nomao,logreg,8,0.9844518226871168
1486,nomao,logreg,9,0.9862098685628098
1486,nomao,nb,0,0.8295939148570728
1486,nomao,nb,1,0.764711078395289
1486,nomao,nb,2,0.8681143417985524
1486,nomao,nb,3,0.8198601398601397
1486,nomao,nb,4,0.8420256214373861
1486,nomao,nb,5,0.8705852970558853
1486,nomao,nb,6,0.8550420168067226
1486,nomao,nb,7,0.8778549881491058
1486,nomao,nb,8,0.853021978021978
1486,nomao,nb,9,0.8576080781963135
1486,nomao,rf,0,0.9913507545086492
1486,nomao,rf,1,0.9877021224389646
1486,nomao,rf,2,0.9916083916083916
1486,nomao,rf,3,0.9914709851551956
1486,nomao,rf,4,0.9918537345007934
1486,nomao,rf,5,0.9904629684041448
1486,nomao,rf,6,0.9889791580968053
1486,nomao,rf,7,0.9956685471391352
1486,nomao,rf,8,0.9911607999843294
1486,nomao,rf,9,0.9896745411451292
1486,nomao,tree,0,0.920071156913262
1486,nomao,tree,1,0.9141332351858668
1486,nomao,tree,2,0.9186725555146608
1486,nomao,tree,3,0.8993743099006256
1486,nomao,tree,4,0.938786703492586
1486,nomao,tree,5,0.9129008246655304
1486,nomao,tree,6,0.9272394272394272
1486,nomao,tree,7,0.9241004093945272
1486,nomao,tree,8,0.908008658008658
1486,nomao,tree,9,0.9139585904291788
1489,phoneme,hgb,0,0.9529454377819488
1489,phoneme,hgb,1,0.9570450130066844
1489,phoneme,hgb,2,0.9547564951101452
1489,phoneme,hgb,3,0.9460140274622147
1489,phoneme,hgb,4,0.9421432831864271
1489,phoneme,hgb,5,0.9684538405460932
1489,phoneme,hgb,6,0.9603187752667506
1489,phoneme,hgb,7,0.947743389223938
1489,phoneme,hgb,8,0.9490252397695572
1489,phoneme,hgb,9,0.9662424272437644
1489,phoneme,knn,0,0.9232029372057032
1489,phoneme,knn,1,0.9200171227238304
1489,phoneme,knn,2,0.9217787875794397
1489,phoneme,knn,3,0.9203217096381178
1489,phoneme,knn,4,0.9123782225462258
1489,phoneme,knn,5,0.936692292398436
1489,phoneme,knn,6,0.9429882696003712
1489,phoneme,knn,7,0.9444214328318644
1489,phoneme,knn,8,0.9235130985985244
1489,phoneme,knn,9,0.949792832499711
1489,phoneme,logreg,0,0.7976061114952747
1489,phoneme,logreg,1,0.8246567223155191
1489,phoneme,logreg,2,0.8334485824360368
1489,phoneme,logreg,3,0.8048832691231189
1489,phoneme,logreg,4,0.7806514679567897
1489,phoneme,logreg,5,0.8233812711246604
1489,phoneme,logreg,6,0.8273411094174563
1489,phoneme,logreg,7,0.7945523228842203
1489,phoneme,logreg,8,0.800557949124284
1489,phoneme,logreg,9,0.8406708595387842
1489,phoneme,nb,0,0.812950706312358
1489,phoneme,nb,1,0.8339754354769666
1489,phoneme,nb,2,0.8259409266027857
1489,phoneme,nb,3,0.8149264052158451
1489,phoneme,nb,4,0.7871462654914176
1489,phoneme,nb,5,0.8242925309828352
1489,phoneme,nb,6,0.8276393399164954
1489,phoneme,nb,7,0.7954967194645106
1489,phoneme,nb,8,0.8029680252232623
1489,phoneme,nb,9,0.846861123491639
1489,phoneme,rf,0,0.9655322862129144
1489,phoneme,rf,1,0.9686687082222004
1489,phoneme,rf,2,0.9654581975040336
1489,phoneme,rf,3,0.959415851690869
1489,phoneme,rf,4,0.946243952548214
1489,phoneme,rf,5,0.9746255550400954
1489,phoneme,rf,6,0.9623069785936776
1489,phoneme,rf,7,0.95981344025449
1489,phoneme,rf,8,0.9560408722494594
1489,phoneme,rf,9,0.9758744779544066
1489,phoneme,tree,0,0.849632849287102
1489,phoneme,tree,1,0.8307649247588001
1489,phoneme,tree,2,0.8451792946754915
1489,phoneme,tree,3,0.8239487635417695
1489,phoneme,tree,4,0.8218238451852343
1489,phoneme,tree,5,0.8545629266352972
1489,phoneme,tree,6,0.8611074292530984
1489,phoneme,tree,7,0.8326264165948705
1489,phoneme,tree,8,0.8196404694696182
1489,phoneme,tree,9,0.8636656267023226
1497,wall-robot-navigation,hgb,0,1.0
1497,wall-robot-navigation,hgb,1,1.0
1497,wall-robot-navigation,hgb,2,1.0
1497,wall-robot-navigation,hgb,3,1.0
1497,wall-robot-navigation,hgb,4,0.999979890047591
1497,wall-robot-navigation,hgb,5,0.999992969845238
1497,wall-robot-navigation,hgb,6,0.9999894634896098
1497,wall-robot-navigation,hgb,7,0.9999824184042796
1497,wall-robot-navigation,hgb,8,0.999993006993007
1497,wall-robot-navigation,hgb,9,0.9999367199964216
1497,wall-robot-navigation,knn,0,0.9697247066026562
1497,wall-robot-navigation,knn,1,0.9700803479024532
1497,wall-robot-navigation,knn,2,0.9504651147972236
1497,wall-robot-navigation,knn,3,0.9645530548496478
1497,wall-robot-navigation,knn,4,0.965888645232214
1497,wall-robot-navigation,knn,5,0.975791125256782
1497,wall-robot-navigation,knn,6,0.9641867969576012
1497,wall-robot-navigation,knn,7,0.9645203418857944
1497,wall-robot-navigation,knn,8,0.9625306768043193
1497,wall-robot-navigation,knn,9,0.9514951931453262
1497,wall-robot-navigation,logreg,0,0.9133890295181896
1497,wall-robot-navigation,logreg,1,0.8943718037879113
1497,wall-robot-navigation,logreg,2,0.8980795831094401
1497,wall-robot-navigation,logreg,3,0.911807099519778
1497,wall-robot-navigation,logreg,4,0.9050208094332703
1497,wall-robot-navigation,logreg,5,0.9217963254548536
1497,wall-robot-navigation,logreg,6,0.9103113118265148
1497,wall-robot-navigation,logreg,7,0.8996411470976171
1497,wall-robot-navigation,logreg,8,0.9154210101634974
1497,wall-robot-navigation,logreg,9,0.8982997491406552
1497,wall-robot-navigation,nb,0,0.8403033668251596
1497,wall-robot-navigation,nb,1,0.8351480844851613
1497,wall-robot-navigation,nb,2,0.8226894326320756
1497,wall-robot-navigation,nb,3,0.8190299563807948
1497,wall-robot-navigation,nb,4,0.8373399185972178
1497,wall-robot-navigation,nb,5,0.838268399773357
1497,wall-robot-navigation,nb,6,0.8363059313687469
1497,wall-robot-navigation,nb,7,0.8227740999608254
1497,wall-robot-navigation,nb,8,0.8414304812282248
1497,wall-robot-navigation,nb,9,0.8429179941479347
1497,wall-robot-navigation,rf,0,0.9999895426659232
1497,wall-robot-navigation,rf,1,0.9999460917611704
1497,wall-robot-navigation,rf,2,1.0
1497,wall-robot-navigation,rf,3,0.9999808562478244
1497,wall-robot-navigation,rf,4,0.9999007332424328
1497,wall-robot-navigation,rf,5,1.0
1497,wall-robot-navigation,rf,6,0.9999479242864052
1497,wall-robot-navigation,rf,7,0.9998943198576722
1497,wall-robot-navigation,rf,8,0.9999704071969696
1497,wall-robot-navigation,rf,9,0.999910417079934
1497,wall-robot-navigation,tree,0,0.9982216341523846
1497,wall-robot-navigation,tree,1,0.9956067288416842
1497,wall-robot-navigation,tree,2,0.9958400974025974
1497,wall-robot-navigation,tree,3,0.994009215057032
1497,wall-robot-navigation,tree,4,0.9963509360198184
1497,wall-robot-navigation,tree,5,0.9955713540708424
1497,wall-robot-navigation,tree,6,0.9947692023427774
1497,wall-robot-navigation,tree,7,0.9930557284435776
1497,wall-robot-navigation,tree,8,0.9991618397800904
1497,wall-robot-navigation,tree,9,0.9931930755200188
1590,adult,hgb,0,0.9250930563726432
1590,adult,hgb,1,0.9217969089339616
1590,adult,hgb,2,0.910138058819325
1590,adult,hgb,3,0.908697540672645
1590,adult,hgb,4,0.9250050857988004
1590,adult,hgb,5,0.9054536257621826
1590,adult,hgb,6,0.91403075671188
1590,adult,hgb,7,0.918061951754386
1590,adult,hgb,8,0.9275877192982456
1590,adult,hgb,9,0.9183223684210526
1590,adult,knn,0,0.8525503219173187
1590,adult,knn,1,0.8559756761363324
1590,adult,knn,2,0.8493696358568059
1590,adult,knn,3,0.852066483761182
1590,adult,knn,4,0.8573364709504671
1590,adult,knn,5,0.8425849053491608
1590,adult,knn,6,0.8356957097850769
1590,adult,knn,7,0.8534539473684211
1590,adult,knn,8,0.8622395833333333
1590,adult,knn,9,0.8521792763157895
1590,adult,logreg,0,0.9076748827517196
1590,adult,logreg,1,0.9025670913079576
1590,adult,logreg,2,0.885737220899609
1590,adult,logreg,3,0.8963926566563485
1590,adult,logreg,4,0.9104899411146972
1590,adult,logreg,5,0.884291204592064
1590,adult,logreg,6,0.8902237201656047
1590,adult,logreg,7,0.903782894736842
1590,adult,logreg,8,0.913218201754386
1590,adult,logreg,9,0.9046436403508772
1590,adult,nb,0,0.6929249665986728
1590,adult,nb,1,0.6626713364379615
1590,adult,nb,2,0.6430923855970179
1590,adult,nb,3,0.6937057054415298
1590,adult,nb,4,0.6808510053387142
1590,adult,nb,5,0.6804193997107967
1590,adult,nb,6,0.6684856415529006
1590,adult,nb,7,0.6406003289473684
1590,adult,nb,8,0.6790487938596491
1590,adult,nb,9,0.6749259868421054
1590,adult,rf,0,0.9052556919710356
1590,adult,rf,1,0.8873509311135425
1590,adult,rf,2,0.8852121465369834
1590,adult,rf,3,0.8868121113487538
1590,adult,rf,4,0.9052501938101704
1590,adult,rf,5,0.8828534355258165
1590,adult,rf,6,0.8925961765789343
1590,adult,rf,7,0.9002823464912281
1590,adult,rf,8,0.9224013157894736
1590,adult,rf,9,0.8974259868421052
1590,adult,tree,0,0.7579077298643604
1590,adult,tree,1,0.7389583184424809
1590,adult,tree,2,0.7411713281907203
1590,adult,tree,3,0.7226370279141626
1590,adult,tree,4,0.7517525387757794
1590,adult,tree,5,0.7429692267936375
1590,adult,tree,6,0.7255070678857922
1590,adult,tree,7,0.7399122807017545
1590,adult,tree,8,0.7369517543859648
1590,adult,tree,9,0.7333333333333334
4134,Bioresponse,hgb,0,0.8843194254445964
4134,Bioresponse,hgb,1,0.9125100332530672
4134,Bioresponse,hgb,2,0.8521098497878683
4134,Bioresponse,hgb,3,0.8752149982800138
4134,Bioresponse,hgb,4,0.8796540268071944
4134,Bioresponse,hgb,5,0.8645033795394662
4134,Bioresponse,hgb,6,0.8798258677969985
4134,Bioresponse,hgb,7,0.8441688624126475
4134,Bioresponse,hgb,8,0.8697445297284911
4134,Bioresponse,hgb,9,0.8825466834688969
4134,Bioresponse,knn,0,0.8221756725946193
4134,Bioresponse,knn,1,0.8540305010893245
4134,Bioresponse,knn,2,0.7984032794404312
4134,Bioresponse,knn,3,0.8158468065588809
4134,Bioresponse,knn,4,0.8188079963340589
4134,Bioresponse,knn,5,0.7897095887272312
4134,Bioresponse,knn,6,0.8397582770076755
4134,Bioresponse,knn,7,0.7832941917745446
4134,Bioresponse,knn,8,0.803600068736396
4134,Bioresponse,knn,9,0.8420494902050635
4134,Bioresponse,logreg,0,0.779639762881897
4134,Bioresponse,logreg,1,0.7732484806788212
4134,Bioresponse,logreg,2,0.7476780185758513
4134,Bioresponse,logreg,3,0.7847437220502236
4134,Bioresponse,logreg,4,0.771021881086035
4134,Bioresponse,logreg,5,0.7761484706151908
4134,Bioresponse,logreg,6,0.7500572803299347
4134,Bioresponse,logreg,7,0.7574464428915111
4134,Bioresponse,logreg,8,0.7426967579333258
4134,Bioresponse,logreg,9,0.7634608775346546
4134,Bioresponse,nb,0,0.5734154126766986
4134,Bioresponse,nb,1,0.6091474601536521
4134,Bioresponse,nb,2,0.6078718036922371
4134,Bioresponse,nb,3,0.5597408554064901
4134,Bioresponse,nb,4,0.5577958529041127
4134,Bioresponse,nb,5,0.6074292587925307
4134,Bioresponse,nb,6,0.5856627334173444
4134,Bioresponse,nb,7,0.5800492610837439
4134,Bioresponse,nb,8,0.5676194294879138
4134,Bioresponse,nb,9,0.5797914995990378
4134,Bioresponse,rf,0,0.8812272001823984
4134,Bioresponse,rf,1,0.9214969613576424
4134,Bioresponse,rf,2,0.8558508198601077
4134,Bioresponse,rf,3,0.8716030271757828
4134,Bioresponse,rf,4,0.8797829075495476
4134,Bioresponse,rf,5,0.8639878565700538
4134,Bioresponse,rf,6,0.8819738801695497
4134,Bioresponse,rf,7,0.8553814869973652
4134,Bioresponse,rf,8,0.874914079505098
4134,Bioresponse,rf,9,0.8860551036773971
4134,Bioresponse,tree,0,0.708048335613315
4134,Bioresponse,tree,1,0.7453990368077056
4134,Bioresponse,tree,2,0.7132352941176471
4134,Bioresponse,tree,3,0.7088063295493636
4134,Bioresponse,tree,4,0.7230209646007562
4134,Bioresponse,tree,5,0.7350927941344942
4134,Bioresponse,tree,6,0.7216462366823232
4134,Bioresponse,tree,7,0.7006529957612557
4134,Bioresponse,tree,8,0.7341619887730553
4134,Bioresponse,tree,9,0.7724395692519189
4534,PhishingWebsites,hgb,0,0.9957994091209356
4534,PhishingWebsites,hgb,1,0.9961519912786574
4534,PhishingWebsites,hgb,2,0.9970557363495994
4534,PhishingWebsites,hgb,3,0.9965309157814962
4534,PhishingWebsites,hgb,4,0.995805488123655
4534,PhishingWebsites,hgb,5,0.9976535049503346
4534,PhishingWebsites,hgb,6,0.9957365927595024
4534,PhishingWebsites,hgb,7,0.9929686201879628
4534,PhishingWebsites,hgb,8,0.9962289919797692
4534,PhishingWebsites,hgb,9,0.9970469570289714
4534,PhishingWebsites,knn,0,0.9867761427511944
4534,PhishingWebsites,knn,1,0.9869159598137394
4534,PhishingWebsites,knn,2,0.991408342823332
4534,PhishingWebsites,knn,3,0.9939432869572972
4534,PhishingWebsites,knn,4,0.9907112838448476
4534,PhishingWebsites,knn,5,0.9944215018378852
4534,PhishingWebsites,knn,6,0.9900425935457202
4534,PhishingWebsites,knn,7,0.9858987400253698
4534,PhishingWebsites,knn,8,0.9893131132193992
4534,PhishingWebsites,knn,9,0.9883579622788256
4534,PhishingWebsites,logreg,0,0.984954468269632
4534,PhishingWebsites,logreg,1,0.9854853678404546
4534,PhishingWebsites,logreg,2,0.987758914857488
4534,PhishingWebsites,logreg,3,0.9861804004846992
4534,PhishingWebsites,logreg,4,0.9867720900827148
4534,PhishingWebsites,logreg,5,0.9888592143496884
4534,PhishingWebsites,logreg,6,0.985702185604111
4534,PhishingWebsites,logreg,7,0.9839554854894204
4534,PhishingWebsites,logreg,8,0.9882533404119942
4534,PhishingWebsites,logreg,9,0.9899701860133516
4534,PhishingWebsites,nb,0,0.9775137689411592
4534,PhishingWebsites,nb,1,0.9733516784126508
4534,PhishingWebsites,nb,2,0.977432715571568
4534,PhishingWebsites,nb,3,0.978346592313709
4534,PhishingWebsites,nb,4,0.971136895088571
4534,PhishingWebsites,nb,5,0.9771875291285548
4534,PhishingWebsites,nb,6,0.9758947278835748
4534,PhishingWebsites,nb,7,0.969430721658676
4534,PhishingWebsites,nb,8,0.9783972506697034
4534,PhishingWebsites,nb,9,0.9770116339360942
4534,PhishingWebsites,rf,0,0.995260404213154
4534,PhishingWebsites,rf,1,0.9953211942403476
4534,PhishingWebsites,rf,2,0.998119561825484
4534,PhishingWebsites,rf,3,0.994488370867798
4534,PhishingWebsites,rf,4,0.9969159192870546
4534,PhishingWebsites,rf,5,0.9978845070536696
4534,PhishingWebsites,rf,6,0.9938257595713896
4534,PhishingWebsites,rf,7,0.9925552480030476
4534,PhishingWebsites,rf,8,0.9964336517379868
4534,PhishingWebsites,rf,9,0.9955116987491088
4534,PhishingWebsites,tree,0,0.9795380768466996
4534,PhishingWebsites,tree,1,0.9757812531661472
4534,PhishingWebsites,tree,2,0.974338503187424
4534,PhishingWebsites,tree,3,0.9682676058050425
4534,PhishingWebsites,tree,4,0.9700528062702888
4534,PhishingWebsites,tree,5,0.9830355297445604
4534,PhishingWebsites,tree,6,0.978383066330025
4534,PhishingWebsites,tree,7,0.9732199666870652
4534,PhishingWebsites,tree,8,0.9754165130029868
4534,PhishingWebsites,tree,9,0.9767807375721044
4538,GesturePhaseSegmentationProcessed,hgb,0,0.8815482628070235
4538,GesturePhaseSegmentationProcessed,hgb,1,0.8968706737446785
4538,GesturePhaseSegmentationProcessed,hgb,2,0.9011958903996844
4538,GesturePhaseSegmentationProcessed,hgb,3,0.8891374406641278
4538,GesturePhaseSegmentationProcessed,hgb,4,0.88129374639468
4538,GesturePhaseSegmentationProcessed,hgb,5,0.9014137957531596
4538,GesturePhaseSegmentationProcessed,hgb,6,0.8887768298479857
4538,GesturePhaseSegmentationProcessed,hgb,7,0.8986429220626799
4538,GesturePhaseSegmentationProcessed,hgb,8,0.8976213546995971
4538,GesturePhaseSegmentationProcessed,hgb,9,0.8992089279773419
4538,GesturePhaseSegmentationProcessed,knn,0,0.827408944773072
4538,GesturePhaseSegmentationProcessed,knn,1,0.8197765624060821
4538,GesturePhaseSegmentationProcessed,knn,2,0.8219027323942096
4538,GesturePhaseSegmentationProcessed,knn,3,0.8204538323174605
4538,GesturePhaseSegmentationProcessed,knn,4,0.8193000896884183
4538,GesturePhaseSegmentationProcessed,knn,5,0.8389347817372876
4538,GesturePhaseSegmentationProcessed,knn,6,0.8288552255352579
4538,GesturePhaseSegmentationProcessed,knn,7,0.8534223095909204
4538,GesturePhaseSegmentationProcessed,knn,8,0.8253914720701869
4538,GesturePhaseSegmentationProcessed,knn,9,0.8318722571226157
4538,GesturePhaseSegmentationProcessed,logreg,0,0.7486593876157895
4538,GesturePhaseSegmentationProcessed,logreg,1,0.771111537298297
4538,GesturePhaseSegmentationProcessed,logreg,2,0.7516434731311665
4538,GesturePhaseSegmentationProcessed,logreg,3,0.7516924551509494
4538,GesturePhaseSegmentationProcessed,logreg,4,0.7601083201196175
4538,GesturePhaseSegmentationProcessed,logreg,5,0.7609461967343338
4538,GesturePhaseSegmentationProcessed,logreg,6,0.7670891086659652
4538,GesturePhaseSegmentationProcessed,logreg,7,0.758229362142745
4538,GesturePhaseSegmentationProcessed,logreg,8,0.7642234935519705
4538,GesturePhaseSegmentationProcessed,logreg,9,0.7654033291872743
4538,GesturePhaseSegmentationProcessed,nb,0,0.6978504359172064
4538,GesturePhaseSegmentationProcessed,nb,1,0.7267469280117327
4538,GesturePhaseSegmentationProcessed,nb,2,0.6994629700495067
4538,GesturePhaseSegmentationProcessed,nb,3,0.7019602821770112
4538,GesturePhaseSegmentationProcessed,nb,4,0.70705007386781
4538,GesturePhaseSegmentationProcessed,nb,5,0.7224949537287818
4538,GesturePhaseSegmentationProcessed,nb,6,0.7103317955967262
4538,GesturePhaseSegmentationProcessed,nb,7,0.7033503016033544
4538,GesturePhaseSegmentationProcessed,nb,8,0.7051608171374177
4538,GesturePhaseSegmentationProcessed,nb,9,0.7120331223603114
4538,GesturePhaseSegmentationProcessed,rf,0,0.8874515275068268
4538,GesturePhaseSegmentationProcessed,rf,1,0.8991834663545
4538,GesturePhaseSegmentationProcessed,rf,2,0.8983946489083593
4538,GesturePhaseSegmentationProcessed,rf,3,0.8922748748688589
4538,GesturePhaseSegmentationProcessed,rf,4,0.8853717588545822
4538,GesturePhaseSegmentationProcessed,rf,5,0.8973577326362602
4538,GesturePhaseSegmentationProcessed,rf,6,0.8922019234427575
4538,GesturePhaseSegmentationProcessed,rf,7,0.9047040123758348
4538,GesturePhaseSegmentationProcessed,rf,8,0.9019126710166888
4538,GesturePhaseSegmentationProcessed,rf,9,0.9050265707744872
4538,GesturePhaseSegmentationProcessed,tree,0,0.6782909883155267
4538,GesturePhaseSegmentationProcessed,tree,1,0.6583895182275655
4538,GesturePhaseSegmentationProcessed,tree,2,0.6873261763491304
4538,GesturePhaseSegmentationProcessed,tree,3,0.6818369873211021
4538,GesturePhaseSegmentationProcessed,tree,4,0.6650733865386437
4538,GesturePhaseSegmentationProcessed,tree,5,0.6644149899852156
4538,GesturePhaseSegmentationProcessed,tree,6,0.6759106173633052
4538,GesturePhaseSegmentationProcessed,tree,7,0.6779490496126869
4538,GesturePhaseSegmentationProcessed,tree,8,0.6646825201043423
4538,GesturePhaseSegmentationProcessed,tree,9,0.6736716344404095
23517,numerai28.6,hgb,0,0.4922908898881439
23517,numerai28.6,hgb,1,0.4736282024611544
23517,numerai28.6,hgb,2,0.4948574857485748
23517,numerai28.6,hgb,3,0.541098109810981
23517,numerai28.6,hgb,4,0.5348614861486148
23517,numerai28.6,hgb,5,0.5367336733673367
23517,numerai28.6,hgb,6,0.5125312531253126
23517,numerai28.6,hgb,7,0.4933213321332133
23517,numerai28.6,hgb,8,0.5123672367236723
23517,numerai28.6,hgb,9,0.5222642264226423
23517,numerai28.6,knn,0,0.4948852634779409
23517,numerai28.6,knn,1,0.482025411659279
23517,numerai28.6,knn,2,0.5113351335133514
23517,numerai28.6,knn,3,0.5360336033603359
23517,numerai28.6,knn,4,0.5125852585258525
23517,numerai28.6,knn,5,0.5283608360836083
23517,numerai28.6,knn,6,0.4794479447944795
23517,numerai28.6,knn,7,0.4938893889388939
23517,numerai28.6,knn,8,0.5064566456645664
23517,numerai28.6,knn,9,0.4942134213421341
23517,numerai28.6,logreg,0,0.520794994479205
23517,numerai28.6,logreg,1,0.5041726008545231
23517,numerai28.6,logreg,2,0.5286928692869287
23517,numerai28.6,logreg,3,0.5432823282328233
23517,numerai28.6,logreg,4,0.5045544554455446
23517,numerai28.6,logreg,5,0.5267366736673668
23517,numerai28.6,logreg,6,0.519015901590159
23517,numerai28.6,logreg,7,0.4878247824782478
23517,numerai28.6,logreg,8,0.5555915591559156
23517,numerai28.6,logreg,9,0.5073827382738274
23517,numerai28.6,nb,0,0.5251716247139588
23517,numerai28.6,nb,1,0.5075610887967867
23517,numerai28.6,nb,2,0.5262206220622062
23517,numerai28.6,nb,3,0.5538353835383538
23517,numerai28.6,nb,4,0.5125952595259525
23517,numerai28.6,nb,5,0.5115551555155515
23517,numerai28.6,nb,6,0.5263406340634064
23517,numerai28.6,nb,7,0.4828882888288829
23517,numerai28.6,nb,8,0.5395419541954195
23517,numerai28.6,nb,9,0.5218681868186819
23517,numerai28.6,rf,0,0.4938411131202893
23517,numerai28.6,rf,1,0.4901345793794305
23517,numerai28.6,rf,2,0.5035763576357636
23517,numerai28.6,rf,3,0.566998699869987
23517,numerai28.6,rf,4,0.5255765576557656
23517,numerai28.6,rf,5,0.5407940794079409
23517,numerai28.6,rf,6,0.5149254925492549
23517,numerai28.6,rf,7,0.4808300830083008
23517,numerai28.6,rf,8,0.5042484248424843
23517,numerai28.6,rf,9,0.5147734773477348
23517,numerai28.6,tree,0,0.4872261605671216
23517,numerai28.6,tree,1,0.5120497351618633
23517,numerai28.6,tree,2,0.501060106010601
23517,numerai28.6,tree,3,0.5076707670767077
23517,numerai28.6,tree,4,0.4798079807980798
23517,numerai28.6,tree,5,0.4957095709570957
23517,numerai28.6,tree,6,0.5018101810181018
23517,numerai28.6,tree,7,0.493019301930193
23517,numerai28.6,tree,8,0.516981698169817
23517,numerai28.6,tree,9,0.5108810881088108
40668,connect-4,hgb,0,0.8784556182245636
40668,connect-4,hgb,1,0.9094871820738464
40668,connect-4,hgb,2,0.8872423201198614
40668,connect-4,hgb,3,0.8999840954769378
40668,connect-4,hgb,4,0.8881349633609323
40668,connect-4,hgb,5,0.9007945286100156
40668,connect-4,hgb,6,0.8926190076601296
40668,connect-4,hgb,7,0.8840584659752005
40668,connect-4,hgb,8,0.9020259146796796
40668,connect-4,hgb,9,0.890755461001787
40668,connect-4,knn,0,0.746345177073052
40668,connect-4,knn,1,0.7753100249115144
40668,connect-4,knn,2,0.7765794882999587
40668,connect-4,knn,3,0.77159326434194
40668,connect-4,knn,4,0.7466821268375017
40668,connect-4,knn,5,0.7537464775826509
40668,connect-4,knn,6,0.7617294044734354
40668,connect-4,knn,7,0.7374141917174568
40668,connect-4,knn,8,0.7652079605677823
40668,connect-4,knn,9,0.7759952120711789
40668,connect-4,logreg,0,0.8131240857593719
40668,connect-4,logreg,1,0.8242838077086819
40668,connect-4,logreg,2,0.8066803222979219
40668,connect-4,logreg,3,0.8172183650047885
40668,connect-4,logreg,4,0.8026537749596541
40668,connect-4,logreg,5,0.845166239029831
40668,connect-4,logreg,6,0.8281255010823546
40668,connect-4,logreg,7,0.808292909210668
40668,connect-4,logreg,8,0.8232426104356206
40668,connect-4,logreg,9,0.8205403249200666
40668,connect-4,nb,0,0.6110504535411605
40668,connect-4,nb,1,0.676773800947069
40668,connect-4,nb,2,0.6562072843768751
40668,connect-4,nb,3,0.6409426303538135
40668,connect-4,nb,4,0.6261030141222959
40668,connect-4,nb,5,0.6582357375231441
40668,connect-4,nb,6,0.6439756216666253
40668,connect-4,nb,7,0.6480386823035845
40668,connect-4,nb,8,0.6353373511893358
40668,connect-4,nb,9,0.6189600216974789
40668,connect-4,rf,0,0.8400677292654081
40668,connect-4,rf,1,0.8666886585766184
40668,connect-4,rf,2,0.8528920396573357
40668,connect-4,rf,3,0.8624942499611463
40668,connect-4,rf,4,0.8375982816603873
40668,connect-4,rf,5,0.8596767167790166
40668,connect-4,rf,6,0.8554404500620763
40668,connect-4,rf,7,0.8255810522022488
40668,connect-4,rf,8,0.8487164165270377
40668,connect-4,rf,9,0.8632866677554579
40668,connect-4,tree,0,0.68514218512913
40668,connect-4,tree,1,0.6861434781178994
40668,connect-4,tree,2,0.704966487791304
40668,connect-4,tree,3,0.6869729569736162
40668,connect-4,tree,4,0.672002121218784
40668,connect-4,tree,5,0.6774037124718074
40668,connect-4,tree,6,0.7010304967451922
40668,connect-4,tree,7,0.6656663713672107
40668,connect-4,tree,8,0.6861085076865657
40668,connect-4,tree,9,0.6820847876485098
40685,shuttle,hgb,0,0.597360761898299
40685,shuttle,hgb,1,0.5713468309079044
40685,shuttle,hgb,2,0.5516040134759295
40685,shuttle,hgb,3,0.7225056776717889
40685,shuttle,hgb,4,0.8646638067093451
40685,shuttle,hgb,5,0.8645120057423176
40685,shuttle,hgb,6,0.8661815364849947
40685,shuttle,hgb,7,0.8416499726300143
40685,shuttle,hgb,8,0.8293663032817892
40685,shuttle,hgb,9,0.6193411941024328
40685,shuttle,knn,0,0.9999992533658268
40685,shuttle,knn,1,0.9971810026827632
40685,shuttle,knn,2,0.9157776806199609
40685,shuttle,knn,3,0.9999977600974805
40685,shuttle,knn,4,0.9154077964727778
40685,shuttle,knn,5,0.9577031516022158
40685,shuttle,knn,6,0.9999950820366784
40685,shuttle,knn,7,0.9993640782180275
40685,shuttle,knn,8,0.9999992498439676
40685,shuttle,knn,9,0.9999963492754561
40685,shuttle,logreg,0,0.9390143845965498
40685,shuttle,logreg,1,0.8649479330259549
40685,shuttle,logreg,2,0.9566980275536706
40685,shuttle,logreg,3,0.956538019472882
40685,shuttle,logreg,4,0.8491378872649333
40685,shuttle,logreg,5,0.9521936925058014
40685,shuttle,logreg,6,0.9174847760795592
40685,shuttle,logreg,7,0.9156465154697702
40685,shuttle,logreg,8,0.9179275270791218
40685,shuttle,logreg,9,0.9520606808703341
40685,shuttle,nb,0,0.9908488623689831
40685,shuttle,nb,1,0.9917680703700629
40685,shuttle,nb,2,0.9217224189038443
40685,shuttle,nb,3,0.991422527095928
40685,shuttle,nb,4,0.9698382022218323
40685,shuttle,nb,5,0.9865905252860974
40685,shuttle,nb,6,0.9895635592904471
40685,shuttle,nb,7,0.9874688142828797
40685,shuttle,nb,8,0.9864247694277571
40685,shuttle,nb,9,0.9864270968365141
40685,shuttle,rf,0,1.0
40685,shuttle,rf,1,1.0
40685,shuttle,rf,2,0.9998326639892905
40685,shuttle,rf,3,1.0
40685,shuttle,rf,4,1.0
40685,shuttle,rf,5,1.0
40685,shuttle,rf,6,1.0
40685,shuttle,rf,7,1.0
40685,shuttle,rf,8,1.0
40685,shuttle,rf,9,1.0
40685,shuttle,tree,0,1.0
40685,shuttle,tree,1,1.0
40685,shuttle,tree,2,0.9579008692523379
40685,shuttle,tree,3,0.9986014572282178
40685,shuttle,tree,4,0.9577464788732395
40685,shuttle,tree,5,1.0
40685,shuttle,tree,6,1.0
40685,shuttle,tree,7,0.9985933838944383
40685,shuttle,tree,8,0.9957716183957861
40685,shuttle,tree,9,0.9985933838944383
40701,churn,hgb,0,0.929501661129568
40701,churn,hgb,1,0.9254152823920266
40701,churn,hgb,2,0.957906976744186
40701,churn,hgb,3,0.9236678814143602
40701,churn,hgb,4,0.9547260251485604
40701,churn,hgb,5,0.9221248235332742
40701,churn,hgb,6,0.911651728553137
40701,churn,hgb,7,0.8855510686496602
40701,churn,hgb,8,0.904264749335172
40701,churn,hgb,9,0.9067927377786532
40701,churn,knn,0,0.6966943521594685
40701,churn,knn,1,0.7479069767441859
40701,churn,knn,2,0.7331395348837209
40701,churn,knn,3,0.7492859253422632
40701,churn,knn,4,0.7840375586854461
40701,churn,knn,5,0.758117469385075
40701,churn,knn,6,0.749778390623461
40701,churn,knn,7,0.6792081158278342
40701,churn,knn,8,0.7910305656784529
40701,churn,knn,9,0.7939689418562659
40701,churn,logreg,0,0.8436212624584718
40701,churn,logreg,1,0.8586046511627906
40701,churn,logreg,2,0.896578073089701
40701,churn,logreg,3,0.8463508322663252
40701,churn,logreg,4,0.8590236055024787
40701,churn,logreg,5,0.865261499064316
40701,churn,logreg,6,0.9000952099543649
40701,churn,logreg,7,0.8393906562920647
40701,churn,logreg,8,0.8460881841163531
40701,churn,logreg,9,0.8575462096588857
40701,churn,nb,0,0.8569933554817275
40701,churn,nb,1,0.8771926910299004
40701,churn,nb,2,0.9049003322259136
40701,churn,nb,3,0.860780065005417
40701,churn,nb,4,0.8603040152335927
40701,churn,nb,5,0.8786237236941462
40701,churn,nb,6,0.884319905446666
40701,churn,nb,7,0.8266850520371647
40701,churn,nb,8,0.8570865753964346
40701,churn,nb,9,0.8528513739781346
40701,churn,rf,0,0.898704318936877
40701,churn,rf,1,0.9385548172757474
40701,churn,rf,2,0.9435215946843852
40701,churn,rf,3,0.9252766013329392
40701,churn,rf,4,0.938671656981516
40701,churn,rf,5,0.9292491546012672
40701,churn,rf,6,0.913966315374766
40701,churn,rf,7,0.8830559112249253
40701,churn,rf,8,0.8943497816737253
40701,churn,rf,9,0.8934797596769427
40701,churn,tree,0,0.8350498338870432
40701,churn,tree,1,0.8222591362126246
40701,churn,tree,2,0.8529900332225914
40701,churn,tree,3,0.8370596539610623
40701,churn,tree,4,0.8687251715420728
40701,churn,tree,5,0.8406054039856856
40701,churn,tree,6,0.8440526609540694
40701,churn,tree,7,0.7877146327850555
40701,churn,tree,8,0.8370596539610623
40701,churn,tree,9,0.7831018746511704
40996,Fashion-MNIST,hgb,0,0.9893311111111112
40996,Fashion-MNIST,hgb,1,0.9840522222222224
40996,Fashion-MNIST,hgb,2,0.98649
40996,Fashion-MNIST,hgb,3,0.9895944444444444
40996,Fashion-MNIST,hgb,4,0.98782
40996,Fashion-MNIST,hgb,5,0.991688888888889
40996,Fashion-MNIST,hgb,6,0.9902622222222222
40996,Fashion-MNIST,hgb,7,0.9916688888888888
40996,Fashion-MNIST,hgb,8,0.9902766666666668
40996,Fashion-MNIST,hgb,9,0.988271111111111
40996,Fashion-MNIST,knn,0,0.964547222222222
40996,Fashion-MNIST,knn,1,0.9508455555555556
40996,Fashion-MNIST,knn,2,0.9556044444444444
40996,Fashion-MNIST,knn,3,0.9553488888888888
40996,Fashion-MNIST,knn,4,0.9580461111111112
40996,Fashion-MNIST,knn,5,0.9587911111111108
40996,Fashion-MNIST,knn,6,0.9587116666666666
40996,Fashion-MNIST,knn,7,0.9621838888888888
40996,Fashion-MNIST,knn,8,0.9616827777777776
40996,Fashion-MNIST,knn,9,0.9573077777777776
40996,Fashion-MNIST,logreg,0,0.9735466666666666
40996,Fashion-MNIST,logreg,1,0.9701633333333334
40996,Fashion-MNIST,logreg,2,0.974602222222222
40996,Fashion-MNIST,logreg,3,0.97126
40996,Fashion-MNIST,logreg,4,0.9691955555555556
40996,Fashion-MNIST,logreg,5,0.9778066666666668
40996,Fashion-MNIST,logreg,6,0.9722922222222224
40996,Fashion-MNIST,logreg,7,0.9738044444444444
40996,Fashion-MNIST,logreg,8,0.9718977777777776
40996,Fashion-MNIST,logreg,9,0.97414
40996,Fashion-MNIST,nb,0,0.8575827777777777
40996,Fashion-MNIST,nb,1,0.8715350000000001
40996,Fashion-MNIST,nb,2,0.85867
40996,Fashion-MNIST,nb,3,0.8644366666666666
40996,Fashion-MNIST,nb,4,0.863948888888889
40996,Fashion-MNIST,nb,5,0.8852844444444445
40996,Fashion-MNIST,nb,6,0.8718305555555554
40996,Fashion-MNIST,nb,7,0.8855711111111111
40996,Fashion-MNIST,nb,8,0.8699716666666667
40996,Fashion-MNIST,nb,9,0.8734249999999999
40996,Fashion-MNIST,rf,0,0.9845716666666668
40996,Fashion-MNIST,rf,1,0.9828522222222222
40996,Fashion-MNIST,rf,2,0.9855183333333332
40996,Fashion-MNIST,rf,3,0.9877605555555554
40996,Fashion-MNIST,rf,4,0.9841922222222224
40996,Fashion-MNIST,rf,5,0.9873572222222222
40996,Fashion-MNIST,rf,6,0.9862461111111112
40996,Fashion-MNIST,rf,7,0.9890366666666668
40996,Fashion-MNIST,rf,8,0.9881644444444444
40996,Fashion-MNIST,rf,9,0.984125
40996,Fashion-MNIST,tree,0,0.8527777777777779
40996,Fashion-MNIST,tree,1,0.8511111111111112
40996,Fashion-MNIST,tree,2,0.865
40996,Fashion-MNIST,tree,3,0.8533333333333333
40996,Fashion-MNIST,tree,4,0.8522222222222222
40996,Fashion-MNIST,tree,5,0.8677777777777778
40996,Fashion-MNIST,tree,6,0.8677777777777778
40996,Fashion-MNIST,tree,7,0.8583333333333332
40996,Fashion-MNIST,tree,8,0.8699999999999999
40996,Fashion-MNIST,tree,9,0.8583333333333334
41027,jungle_chess_2pcs_raw_endgame_complete,hgb,0,0.9748463645478828
41027,jungle_chess_2pcs_raw_endgame_complete,hgb,1,0.9713335098866462
41027,jungle_chess_2pcs_raw_endgame_complete,hgb,2,0.9657864552699608
41027,jungle_chess_2pcs_raw_endgame_complete,hgb,3,0.9648497662310632
41027,jungle_chess_2pcs_raw_endgame_complete,hgb,4,0.9639934503253
41027,jungle_chess_2pcs_raw_endgame_complete,hgb,5,0.9673889818517744
41027,jungle_chess_2pcs_raw_endgame_complete,hgb,6,0.9687555622030626
41027,jungle_chess_2pcs_raw_endgame_complete,hgb,7,0.9661229670874146
41027,jungle_chess_2pcs_raw_endgame_complete,hgb,8,0.9688981385730084
41027,jungle_chess_2pcs_raw_endgame_complete,hgb,9,0.9641993338060972
41027,jungle_chess_2pcs_raw_endgame_complete,knn,0,0.918204341614886
41027,jungle_chess_2pcs_raw_endgame_complete,knn,1,0.922743292412349
41027,jungle_chess_2pcs_raw_endgame_complete,knn,2,0.9088266276264688
41027,jungle_chess_2pcs_raw_endgame_complete,knn,3,0.8975246756943257
41027,jungle_chess_2pcs_raw_endgame_complete,knn,4,0.9174758197854076
41027,jungle_chess_2pcs_raw_endgame_complete,knn,5,0.9012802142472308
41027,jungle_chess_2pcs_raw_endgame_complete,knn,6,0.913278878544766
41027,jungle_chess_2pcs_raw_endgame_complete,knn,7,0.9001401770571956
41027,jungle_chess_2pcs_raw_endgame_complete,knn,8,0.910182751619542
41027,jungle_chess_2pcs_raw_endgame_complete,knn,9,0.9049096848482168
41027,jungle_chess_2pcs_raw_endgame_complete,logreg,0,0.814147242947719
41027,jungle_chess_2pcs_raw_endgame_complete,logreg,1,0.787349861207777
41027,jungle_chess_2pcs_raw_endgame_complete,logreg,2,0.8037953672094625
41027,jungle_chess_2pcs_raw_endgame_complete,logreg,3,0.8033568325948437
41027,jungle_chess_2pcs_raw_endgame_complete,logreg,4,0.8158661013033605
41027,jungle_chess_2pcs_raw_endgame_complete,logreg,5,0.8083016861524869
41027,jungle_chess_2pcs_raw_endgame_complete,logreg,6,0.8033389369567955
41027,jungle_chess_2pcs_raw_endgame_complete,logreg,7,0.7986864939449951
41027,jungle_chess_2pcs_raw_endgame_complete,logreg,8,0.8191357273339821
41027,jungle_chess_2pcs_raw_endgame_complete,logreg,9,0.7993696375223726
41027,jungle_chess_2pcs_raw_endgame_complete,nb,0,0.8309081457580181
41027,jungle_chess_2pcs_raw_endgame_complete,nb,1,0.8035264781093497
41027,jungle_chess_2pcs_raw_endgame_complete,nb,2,0.8215915215411048
41027,jungle_chess_2pcs_raw_endgame_complete,nb,3,0.8155101337633708
41027,jungle_chess_2pcs_raw_endgame_complete,nb,4,0.8350297676963327
41027,jungle_chess_2pcs_raw_endgame_complete,nb,5,0.8259316112662428
41027,jungle_chess_2pcs_raw_endgame_complete,nb,6,0.8197573015010229
41027,jungle_chess_2pcs_raw_endgame_complete,nb,7,0.8136206051767401
41027,jungle_chess_2pcs_raw_endgame_complete,nb,8,0.8321564002937185
41027,jungle_chess_2pcs_raw_endgame_complete,nb,9,0.8176932722174278
41027,jungle_chess_2pcs_raw_endgame_complete,rf,0,0.9520253934921284
41027,jungle_chess_2pcs_raw_endgame_complete,rf,1,0.9440443281384427
41027,jungle_chess_2pcs_raw_endgame_complete,rf,2,0.942061516443056
41027,jungle_chess_2pcs_raw_endgame_complete,rf,3,0.9373600520084316
41027,jungle_chess_2pcs_raw_endgame_complete,rf,4,0.9434278918434432
41027,jungle_chess_2pcs_raw_endgame_complete,rf,5,0.9446695056551412
41027,jungle_chess_2pcs_raw_endgame_complete,rf,6,0.950393601494441
41027,jungle_chess_2pcs_raw_endgame_complete,rf,7,0.9399072512838008
41027,jungle_chess_2pcs_raw_endgame_complete,rf,8,0.9442455009952692
41027,jungle_chess_2pcs_raw_endgame_complete,rf,9,0.9403990408630396
41027,jungle_chess_2pcs_raw_endgame_complete,tree,0,0.8077931581278306
41027,jungle_chess_2pcs_raw_endgame_complete,tree,1,0.8152957165570639
41027,jungle_chess_2pcs_raw_endgame_complete,tree,2,0.8055498147540594
41027,jungle_chess_2pcs_raw_endgame_complete,tree,3,0.790828393021492
41027,jungle_chess_2pcs_raw_endgame_complete,tree,4,0.7926898212908152
41027,jungle_chess_2pcs_raw_endgame_complete,tree,5,0.8171581965949016
41027,jungle_chess_2pcs_raw_endgame_complete,tree,6,0.822554849878081
41027,jungle_chess_2pcs_raw_endgame_complete,tree,7,0.7885981397422936
41027,jungle_chess_2pcs_raw_endgame_complete,tree,8,0.814489232591962
41027,jungle_chess_2pcs_raw_endgame_complete,tree,9,0.7882302330453226
41138,APSFailure,hgb,0,0.9946254808780266
41138,APSFailure,hgb,1,0.9697329712604662
41138,APSFailure,hgb,2,0.9585313419325638
41138,APSFailure,hgb,3,0.99479520253451
41138,APSFailure,hgb,4,0.996266123557366
41138,APSFailure,hgb,5,0.9932111337406652
41138,APSFailure,hgb,6,0.9714301878252998
41138,APSFailure,hgb,7,0.99377687259561
41138,APSFailure,hgb,8,0.9593799502149808
41138,APSFailure,hgb,9,0.9956542732979236
41138,APSFailure,knn,0,0.882213170400543
41138,APSFailure,knn,1,0.8806856754921927
41138,APSFailure,knn,2,0.9149411631590858
41138,APSFailure,knn,3,0.9102738176057932
41138,APSFailure,knn,4,0.8297126046616882
41138,APSFailure,knn,5,0.940286263860602
41138,APSFailure,knn,6,0.9411065852002716
41138,APSFailure,knn,7,0.8277608056121293
41138,APSFailure,knn,8,0.7722618239420684
41138,APSFailure,knn,9,0.9445785718117924
41138,APSFailure,logreg,0,0.8922267481330618
41138,APSFailure,logreg,1,0.930725277212039
41138,APSFailure,logreg,2,0.8139850644942295
41138,APSFailure,logreg,3,0.8842215433355963
41138,APSFailure,logreg,4,0.997397601267255
41138,APSFailure,logreg,5,0.9681489024666214
41138,APSFailure,logreg,6,0.9825752432677076
41138,APSFailure,logreg,7,0.9936071509391264
41138,APSFailure,logreg,8,0.7843969223806291
41138,APSFailure,logreg,9,0.9830999517141478
41138,APSFailure,nb,0,0.8722844534962662
41138,APSFailure,nb,1,0.9246435845213848
41138,APSFailure,nb,2,0.8816757184883457
41138,APSFailure,nb,3,0.9837067209775968
41138,APSFailure,nb,4,0.9217583163611676
41138,APSFailure,nb,5,0.8703892283322018
41138,APSFailure,nb,6,0.9674417288979408
41138,APSFailure,nb,7,0.9760126725503508
41138,APSFailure,nb,8,0.9316021724372028
41138,APSFailure,nb,9,0.980632008154944
41138,APSFailure,rf,0,0.9962378366146188
41138,APSFailure,rf,1,0.9589273591310252
41138,APSFailure,rf,2,0.9659708078750848
41138,APSFailure,rf,3,0.992815116542204
41138,APSFailure,rf,4,0.9941446028513238
41138,APSFailure,rf,5,0.9625763747454176
41138,APSFailure,rf,6,0.9645281737949762
41138,APSFailure,rf,7,0.9911744738628648
41138,APSFailure,rf,8,0.9306404163837972
41138,APSFailure,rf,9,0.9940179194162776
41138,APSFailure,tree,0,0.8030097307083051
41138,APSFailure,tree,1,0.7999547408916045
41138,APSFailure,tree,2,0.8004639058610545
41138,APSFailure,tree,3,0.7433808553971487
41138,APSFailure,tree,4,0.802500565738855
41138,APSFailure,tree,5,0.744908350305499
41138,APSFailure,tree,6,0.8853247341027382
41138,APSFailure,tree,7,0.7721769631138267
41138,APSFailure,tree,8,0.6913894546277438
41138,APSFailure,tree,9,0.8385374751864371
41146,sylvine,hgb,0,0.9848461819066148
41146,sylvine,hgb,1,0.9816087062256807
41146,sylvine,hgb,2,0.9860469357976652
41146,sylvine,hgb,3,0.9745105787937745
41146,sylvine,hgb,4,0.9946746826171876
41146,sylvine,hgb,5,0.9891357421875
41146,sylvine,hgb,6,0.988922119140625
41146,sylvine,hgb,7,0.99072265625
41146,sylvine,hgb,8,0.9871063232421876
41146,sylvine,hgb,9,0.9864654541015624
41146,sylvine,knn,0,0.8932848978599222
41146,sylvine,knn,1,0.8861107733463035
41146,sylvine,knn,2,0.8800766050583657
41146,sylvine,knn,3,0.8854571984435798
41146,sylvine,knn,4,0.8944931030273438
41146,sylvine,knn,5,0.8889236450195312
41146,sylvine,knn,6,0.899444580078125
41146,sylvine,knn,7,0.8947296142578125
41146,sylvine,knn,8,0.8959274291992188
41146,sylvine,knn,9,0.8803939819335938
41146,sylvine,logreg,0,0.9604815175097275
41146,sylvine,logreg,1,0.960648711089494
41146,sylvine,logreg,2,0.9666524805447472
41146,sylvine,logreg,3,0.9513466682879376
41146,sylvine,logreg,4,0.9704132080078124
41146,sylvine,logreg,5,0.9635467529296876
41146,sylvine,logreg,6,0.97247314453125
41146,sylvine,logreg,7,0.9736785888671876
41146,sylvine,logreg,8,0.9679107666015624
41146,sylvine,logreg,9,0.9696197509765624
41146,sylvine,nb,0,0.9304626702334632
41146,sylvine,nb,1,0.9357976653696498
41146,sylvine,nb,2,0.9311466439688716
41146,sylvine,nb,3,0.9281219601167314
41146,sylvine,nb,4,0.95697021484375
41146,sylvine,nb,5,0.92620849609375
41146,sylvine,nb,6,0.9498443603515624
41146,sylvine,nb,7,0.9433135986328124
41146,sylvine,nb,8,0.945953369140625
41146,sylvine,nb,9,0.92828369140625
41146,sylvine,rf,0,0.9749589615758756
41146,sylvine,rf,1,0.9821786843385214
41146,sylvine,rf,2,0.9799215710116732
41146,sylvine,rf,3,0.9749209630350194
41146,sylvine,rf,4,0.9917373657226562
41146,sylvine,rf,5,0.986785888671875
41146,sylvine,rf,6,0.984100341796875
41146,sylvine,rf,7,0.98663330078125
41146,sylvine,rf,8,0.9800338745117188
41146,sylvine,rf,9,0.981903076171875
41146,sylvine,tree,0,0.9005806177042801
41146,sylvine,tree,1,0.9045096668287936
41146,sylvine,tree,2,0.8986274927042802
41146,sylvine,tree,3,0.9220649927042802
41146,sylvine,tree,4,0.935546875
41146,sylvine,tree,5,0.912109375
41146,sylvine,tree,6,0.912109375
41146,sylvine,tree,7,0.91796875
41146,sylvine,tree,8,0.91015625
41146,sylvine,tree,9,0.916015625
41150,MiniBooNE,hgb,0,0.982921626984127
41150,MiniBooNE,hgb,1,0.9764632936507937
41150,MiniBooNE,hgb,2,0.9774404761904762
41150,MiniBooNE,hgb,3,0.9862946428571427
41150,MiniBooNE,hgb,4,0.9829636852290894
41150,MiniBooNE,hgb,5,0.9842901618004444
41150,MiniBooNE,hgb,6,0.9827261073357124
41150,MiniBooNE,hgb,7,0.9746583580397844
41150,MiniBooNE,hgb,8,0.9784843520310436
41150,MiniBooNE,hgb,9,0.98415652423542
41150,MiniBooNE,knn,0,0.9328199404761904
41150,MiniBooNE,knn,1,0.91671875
41150,MiniBooNE,knn,2,0.9116344246031748
41150,MiniBooNE,knn,3,0.943685515873016
41150,MiniBooNE,knn,4,0.942105237107687
41150,MiniBooNE,knn,5,0.9339186988650706
41150,MiniBooNE,knn,6,0.931399383287385
41150,MiniBooNE,knn,7,0.9212429283455176
41150,MiniBooNE,knn,8,0.9231361271833656
41150,MiniBooNE,knn,9,0.9237498700745896
41150,MiniBooNE,logreg,0,0.9288492063492064
41150,MiniBooNE,logreg,1,0.8972420634920634
41150,MiniBooNE,logreg,2,0.9097073412698412
41150,MiniBooNE,logreg,3,0.924171626984127
41150,MiniBooNE,logreg,4,0.9344680977435048
41150,MiniBooNE,logreg,5,0.9198669563797088
41150,MiniBooNE,logreg,6,0.9082751349986884
41150,MiniBooNE,logreg,7,0.908938373284366
41150,MiniBooNE,logreg,8,0.9102994966318384
41150,MiniBooNE,logreg,9,0.9188226035567392
41150,MiniBooNE,nb,0,0.5055555555555555
41150,MiniBooNE,nb,1,0.50625
41150,MiniBooNE,nb,2,0.5055555555555555
41150,MiniBooNE,nb,3,0.5048611111111111
41150,MiniBooNE,nb,4,0.5041724617524339
41150,MiniBooNE,nb,5,0.499616410692985
41150,MiniBooNE,nb,6,0.5069541029207232
41150,MiniBooNE,nb,7,0.5041724617524339
41150,MiniBooNE,nb,8,0.5183306193358708
41150,MiniBooNE,nb,9,0.5041724617524339
41150,MiniBooNE,rf,0,0.9776364087301588
41150,MiniBooNE,rf,1,0.9702306547619048
41150,MiniBooNE,rf,2,0.9698214285714284
41150,MiniBooNE,rf,3,0.9793501984126984
41150,MiniBooNE,rf,4,0.9768732769415804
41150,MiniBooNE,rf,5,0.979107994001158
41150,MiniBooNE,rf,6,0.9736981473873856
41150,MiniBooNE,rf,7,0.9658407535178852
41150,MiniBooNE,rf,8,0.9684986562000406
41150,MiniBooNE,rf,9,0.980211741297472
41150,MiniBooNE,tree,0,0.8459077380952381
41150,MiniBooNE,tree,1,0.8576388888888888
41150,MiniBooNE,tree,2,0.8303149801587302
41150,MiniBooNE,tree,3,0.8495907738095237
41150,MiniBooNE,tree,4,0.8486381342216107
41150,MiniBooNE,tree,5,0.8365464093566093
41150,MiniBooNE,tree,6,0.8485787397482664
41150,MiniBooNE,tree,7,0.839431990853251
41150,MiniBooNE,tree,8,0.8582427155153214
41150,MiniBooNE,tree,9,0.8564831542424978
41168,jannis,hgb,0,0.8249726622336387
41168,jannis,hgb,1,0.8433395812017301
41168,jannis,hgb,2,0.8277669859666531
41168,jannis,hgb,3,0.8425705008442252
41168,jannis,hgb,4,0.8567542785149173
41168,jannis,hgb,5,0.8253603445131925
41168,jannis,hgb,6,0.8183066823403019
41168,jannis,hgb,7,0.8233002472577857
41168,jannis,hgb,8,0.8374781959251427
41168,jannis,hgb,9,0.8560763461415963
41168,jannis,knn,0,0.6920402234427396
41168,jannis,knn,1,0.7207506591093453
41168,jannis,knn,2,0.6934177141746687
41168,jannis,knn,3,0.6830121253696827
41168,jannis,knn,4,0.6835905058394098
41168,jannis,knn,5,0.7007089372448334
41168,jannis,knn,6,0.6899229509637325
41168,jannis,knn,7,0.708552408308948
41168,jannis,knn,8,0.6911392129884587
41168,jannis,knn,9,0.6887857651995165
41168,jannis,logreg,0,0.7917477115795695
41168,jannis,logreg,1,0.8065590472674256
41168,jannis,logreg,2,0.7999022865271554
41168,jannis,logreg,3,0.8179783540410311
41168,jannis,logreg,4,0.8251108799949051
41168,jannis,logreg,5,0.785145117400487
41168,jannis,logreg,6,0.7984549612993163
41168,jannis,logreg,7,0.80931931573842
41168,jannis,logreg,8,0.7866593169677946
41168,jannis,logreg,9,0.8199163473405356
41168,jannis,nb,0,0.7354496435586747
41168,jannis,nb,1,0.7582766884149221
41168,jannis,nb,2,0.7480577071403094
41168,jannis,nb,3,0.7711930444984076
41168,jannis,nb,4,0.7895611629262768
41168,jannis,nb,5,0.7242843955350764
41168,jannis,nb,6,0.7473362732452529
41168,jannis,nb,7,0.7461312845699657
41168,jannis,nb,8,0.738209156743378
41168,jannis,nb,9,0.7639022979344279
41168,jannis,rf,0,0.8164469173258364
41168,jannis,rf,1,0.8295267493430911
41168,jannis,rf,2,0.7945566323249994
41168,jannis,rf,3,0.830004366806365
41168,jannis,rf,4,0.8538455014460115
41168,jannis,rf,5,0.7944742297964287
41168,jannis,rf,6,0.7754917336935769
41168,jannis,rf,7,0.8086066529939472
41168,jannis,rf,8,0.8181326263469284
41168,jannis,rf,9,0.8246989573236259
41168,jannis,tree,0,0.6482856618011932
41168,jannis,tree,1,0.6195307497158566
41168,jannis,tree,2,0.6184492686537093
41168,jannis,tree,3,0.6126283001078259
41168,jannis,tree,4,0.6283767396991666
41168,jannis,tree,5,0.6223298785717843
41168,jannis,tree,6,0.6152540044571001
41168,jannis,tree,7,0.6354199692073773
41168,jannis,tree,8,0.6077814094183034
41168,jannis,tree,9,0.6193223105527326
