abordagem,did,nome,logreg,nb,knn,tree,rf,hgb
AR,6,letter,3.0,5.0,4.0,6.0,2.0,1.0
AR,28,optdigits,3.0,5.0,4.0,6.0,2.0,1.0
AR,30,page-blocks,3.0,5.0,4.0,6.0,2.0,1.0
AR,32,pendigits,3.0,5.0,4.0,6.0,2.0,1.0
AR,44,spambase,3.0,5.0,4.0,6.0,2.0,1.0
AR,60,waveform-5000,3.0,5.0,4.0,6.0,2.0,1.0
AR,151,electricity,3.0,5.0,4.0,6.0,2.0,1.0
AR,182,satimage,3.0,5.0,4.0,6.0,2.0,1.0
AR,183,abalone,3.0,5.0,4.0,6.0,2.0,1.0
AR,300,isolet,3.0,5.0,4.0,6.0,2.0,1.0
AR,554,mnist_784,3.0,5.0,4.0,6.0,2.0,1.0
AR,1053,jm1,3.0,5.0,4.0,6.0,2.0,1.0
AR,1120,MagicTelescope,3.0,5.0,4.0,6.0,2.0,1.0
AR,1461,bank-marketing,3.0,5.0,4.0,6.0,2.0,1.0
AR,1476,gas-drift,3.0,5.0,4.0,6.0,2.0,1.0
AR,1478,har,3.0,5.0,4.0,6.0,2.0,1.0
AR,1486,nomao,3.0,5.0,4.0,6.0,2.0,1.0
AR,1489,phoneme,3.0,5.0,4.0,6.0,2.0,1.0
AR,1497,wall-robot-navigation,3.0,5.0,4.0,6.0,2.0,1.0
AR,1590,adult,3.0,5.0,4.0,6.0,2.0,1.0
AR,4134,Bioresponse,3.0,5.0,4.0,6.0,2.0,1.0
AR,4534,PhishingWebsites,3.0,5.0,4.0,6.0,2.0,1.0
AR,4538,GesturePhaseSegmentationProcessed,3.0,5.0,4.0,6.0,2.0,1.0
AR,23517,numerai28.6,3.0,5.0,4.0,6.0,2.0,1.0
AR,40668,connect-4,3.0,5.0,4.0,6.0,2.0,1.0
AR,40685,shuttle,3.0,5.0,4.0,6.0,2.0,1.0
AR,40701,churn,3.0,5.0,4.0,6.0,2.0,1.0
AR,40996,Fashion-MNIST,3.0,5.0,4.0,6.0,2.0,1.0
AR,41027,jungle_chess_2pcs_raw_endgame_complete,3.0,5.0,4.0,6.0,2.0,1.0
AR,41138,APSFailure,3.0,5.0,4.0,6.0,2.0,1.0
AR,41146,sylvine,3.0,5.0,4.0,6.0,2.0,1.0
AR,41150,MiniBooNE,3.0,5.0,4.0,6.0,2.0,1.0
AR,41168,jannis,3.0,5.0,4.0,6.0,2.0,1.0
MR,6,letter,3.0,5.0,4.0,6.0,2.0,1.0
MR,28,optdigits,3.0,5.0,4.0,6.0,2.0,1.0
MR,30,page-blocks,3.0,5.0,4.0,6.0,2.0,1.0
MR,32,pendigits,3.0,5.0,4.0,6.0,2.0,1.0
MR,44,spambase,3.0,5.0,4.0,6.0,2.0,1.0
MR,60,waveform-5000,3.0,5.0,4.0,6.0,2.0,1.0
MR,151,electricity,3.0,5.0,4.0,6.0,2.0,1.0
MR,182,satimage,3.0,5.0,4.0,6.0,2.0,1.0
MR,183,abalone,3.0,5.0,4.0,6.0,2.0,1.0
MR,300,isolet,3.0,5.0,4.0,6.0,2.0,1.0
MR,554,mnist_784,3.0,5.0,4.0,6.0,2.0,1.0
MR,1053,jm1,3.0,5.0,4.0,6.0,2.0,1.0
MR,1120,MagicTelescope,3.0,5.0,4.0,6.0,2.0,1.0
MR,1461,bank-marketing,3.0,5.0,4.0,6.0,2.0,1.0
MR,1476,gas-drift,3.0,5.0,4.0,6.0,2.0,1.0
MR,1478,har,3.0,5.0,4.0,6.0,2.0,1.0
MR,1486,nomao,3.0,5.0,4.0,6.0,2.0,1.0
MR,1489,phoneme,3.0,5.0,4.0,6.0,2.0,1.0
MR,1497,wall-robot-navigation,3.0,5.0,4.0,6.0,2.0,1.0
MR,1590,adult,3.0,5.0,4.0,6.0,2.0,1.0
MR,4134,Bioresponse,3.0,5.0,4.0,6.0,2.0,1.0
MR,4534,PhishingWebsites,3.0,5.0,4.0,6.0,2.0,1.0
MR,4538,GesturePhaseSegmentationProcessed,3.0,5.0,4.0,6.0,2.0,1.0
MR,23517,numerai28.6,3.0,5.0,4.0,6.0,2.0,1.0
MR,40668,connect-4,3.0,5.0,4.0,6.0,2.0,1.0
MR,40685,shuttle,3.0,5.0,4.0,6.0,2.0,1.0
MR,40701,churn,3.0,5.0,4.0,6.0,2.0,1.0
MR,40996,Fashion-MNIST,3.0,5.0,4.0,6.0,2.0,1.0
MR,41027,jungle_chess_2pcs_raw_endgame_complete,3.0,5.0,4.0,6.0,2.0,1.0
MR,41138,APSFailure,3.0,5.0,4.0,6.0,2.0,1.0
MR,41146,sylvine,3.0,5.0,4.0,6.0,2.0,1.0
MR,41150,MiniBooNE,3.0,5.0,4.0,6.0,2.0,1.0
MR,41168,jannis,3.0,5.0,4.0,6.0,2.0,1.0
VS,6,letter,3.0,5.0,4.0,6.0,2.0,1.0
VS,28,optdigits,3.0,5.0,4.0,6.0,2.0,1.0
VS,30,page-blocks,3.0,5.0,4.0,6.0,2.0,1.0
VS,32,pendigits,3.0,5.0,4.0,6.0,2.0,1.0
VS,44,spambase,3.0,5.0,4.0,6.0,2.0,1.0
VS,60,waveform-5000,3.0,5.0,4.0,6.0,2.0,1.0
VS,151,electricity,3.0,5.0,4.0,6.0,2.0,1.0
VS,182,satimage,3.0,5.0,4.0,6.0,2.0,1.0
VS,183,abalone,3.0,5.0,4.0,6.0,2.0,1.0
VS,300,isolet,3.0,5.0,4.0,6.0,2.0,1.0
VS,554,mnist_784,3.0,5.0,4.0,6.0,2.0,1.0
VS,1053,jm1,3.0,5.0,4.0,6.0,2.0,1.0
VS,1120,MagicTelescope,3.0,5.0,4.0,6.0,2.0,1.0
VS,1461,bank-marketing,3.0,5.0,4.0,6.0,2.0,1.0
VS,1476,gas-drift,3.0,5.0,4.0,6.0,2.0,1.0
VS,1478,har,3.0,5.0,4.0,6.0,2.0,1.0
VS,1486,nomao,3.0,5.0,4.0,6.0,2.0,1.0
VS,1489,phoneme,3.0,5.0,4.0,6.0,2.0,1.0
VS,1497,wall-robot-navigation,3.0,5.0,4.0,6.0,2.0,1.0
VS,1590,adult,3.0,5.0,4.0,6.0,2.0,1.0
VS,4134,Bioresponse,3.0,5.0,4.0,6.0,2.0,1.0
VS,4534,PhishingWebsites,3.0,5.0,4.0,6.0,2.0,1.0
VS,4538,GesturePhaseSegmentationProcessed,3.0,5.0,4.0,6.0,2.0,1.0
VS,23517,numerai28.6,3.0,5.0,4.0,6.0,2.0,1.0
VS,40668,connect-4,3.0,5.0,4.0,6.0,2.0,1.0
VS,40685,shuttle,3.0,5.0,4.0,6.0,2.0,1.0
VS,40701,churn,3.0,5.0,4.0,6.0,2.0,1.0
VS,40996,Fashion-MNIST,3.0,5.0,4.0,6.0,2.0,1.0
VS,41027,jungle_chess_2pcs_raw_endgame_complete,3.0,5.0,4.0,6.0,2.0,1.0
VS,41138,APSFailure,3.0,5.0,4.0,6.0,2.0,1.0
VS,41146,sylvine,3.0,5.0,4.0,6.0,2.0,1.0
VS,41150,MiniBooNE,3.0,5.0,4.0,6.0,2.0,1.0
VS,41168,jannis,3.0,5.0,4.0,6.0,2.0,1.0
reg-P,6,letter,3.0,5.0,4.0,6.0,1.0,2.0
reg-P,28,optdigits,3.0,5.0,4.0,6.0,1.0,2.0
reg-P,30,page-blocks,3.0,5.0,4.0,6.0,1.0,2.0
reg-P,32,pendigits,3.0,5.0,4.0,6.0,1.0,2.0
reg-P,44,spambase,4.0,6.0,3.0,5.0,1.0,2.0
reg-P,60,waveform-5000,4.0,6.0,3.0,5.0,1.0,2.0
reg-P,151,electricity,3.0,5.0,4.0,6.0,1.0,2.0
reg-P,182,satimage,4.0,6.0,3.0,5.0,1.0,2.0
reg-P,183,abalone,3.0,6.0,2.0,5.0,1.0,4.0
reg-P,300,isolet,3.0,5.0,4.0,6.0,1.0,2.0
reg-P,554,mnist_784,3.0,6.0,4.0,5.0,1.0,2.0
reg-P,1053,jm1,3.0,5.0,4.0,6.0,1.0,2.0
reg-P,1120,MagicTelescope,4.0,6.0,3.0,5.0,1.0,2.0
reg-P,1461,bank-marketing,3.0,5.0,4.0,6.0,1.0,2.0
reg-P,1476,gas-drift,3.0,5.0,4.0,6.0,1.0,2.0
reg-P,1478,har,3.0,5.0,4.0,6.0,1.0,2.0
reg-P,1486,nomao,3.0,6.0,4.0,5.0,1.0,2.0
reg-P,1489,phoneme,3.0,5.0,4.0,6.0,1.0,2.0
reg-P,1497,wall-robot-navigation,2.0,5.0,4.0,6.0,1.0,3.0
reg-P,1590,adult,4.0,6.0,3.0,5.0,1.0,2.0
reg-P,4134,Bioresponse,3.0,5.0,4.0,6.0,2.0,1.0
reg-P,4534,PhishingWebsites,3.0,6.0,4.0,5.0,1.0,2.0
reg-P,4538,GesturePhaseSegmentationProcessed,3.0,6.0,4.0,5.0,1.0,2.0
reg-P,23517,numerai28.6,3.0,6.0,4.0,5.0,2.0,1.0
reg-P,40668,connect-4,3.0,5.0,4.0,6.0,2.0,1.0
reg-P,40685,shuttle,3.0,6.0,4.0,5.0,1.0,2.0
reg-P,40701,churn,3.0,5.0,4.0,6.0,2.0,1.0
reg-P,40996,Fashion-MNIST,3.0,6.0,4.0,5.0,1.0,2.0
reg-P,41027,jungle_chess_2pcs_raw_endgame_complete,3.0,5.0,4.0,6.0,1.0,2.0
reg-P,41138,APSFailure,3.0,5.0,4.0,6.0,1.0,2.0
reg-P,41146,sylvine,3.0,5.0,4.0,6.0,2.0,1.0
reg-P,41150,MiniBooNE,4.0,5.0,3.0,6.0,1.0,2.0
reg-P,41168,jannis,3.0,6.0,4.0,5.0,1.0,2.0
reg-R,6,letter,3.0,5.0,4.0,6.0,2.0,1.0
reg-R,28,optdigits,3.0,5.0,4.0,6.0,2.0,1.0
reg-R,30,page-blocks,3.0,5.0,4.0,6.0,1.0,2.0
reg-R,32,pendigits,3.0,5.0,4.0,6.0,2.0,1.0
reg-R,44,spambase,3.0,6.0,4.0,5.0,2.0,1.0
reg-R,60,waveform-5000,3.0,5.0,4.0,6.0,2.0,1.0
reg-R,151,electricity,4.0,6.0,3.0,5.0,1.0,2.0
reg-R,182,satimage,3.0,5.0,4.0,6.0,2.0,1.0
reg-R,183,abalone,4.0,5.0,3.0,6.0,1.0,2.0
reg-R,300,isolet,3.0,5.0,4.0,6.0,1.0,2.0
reg-R,554,mnist_784,3.0,5.0,4.0,6.0,2.0,1.0
reg-R,1053,jm1,3.0,5.0,4.0,6.0,2.0,1.0
reg-R,1120,MagicTelescope,4.0,5.0,3.0,6.0,2.0,1.0
reg-R,1461,bank-marketing,3.0,5.0,4.0,6.0,2.0,1.0
reg-R,1476,gas-drift,3.0,5.0,4.0,6.0,2.0,1.0
reg-R,1478,har,4.0,6.0,3.0,5.0,2.0,1.0
reg-R,1486,nomao,4.0,6.0,3.0,5.0,2.0,1.0
reg-R,1489,phoneme,4.0,5.0,3.0,6.0,2.0,1.0
reg-R,1497,wall-robot-navigation,3.0,5.0,4.0,6.0,1.0,2.0
reg-R,1590,adult,4.0,5.0,3.0,6.0,2.0,1.0
reg-R,4134,Bioresponse,3.0,5.0,4.0,6.0,2.0,1.0
reg-R,4534,PhishingWebsites,3.0,6.0,4.0,5.0,2.0,1.0
reg-R,4538,GesturePhaseSegmentationProcessed,3.0,6.0,4.0,5.0,2.0,1.0
reg-R,23517,numerai28.6,3.0,5.0,4.0,6.0,2.0,1.0
reg-R,40668,connect-4,3.0,5.0,4.0,6.0,2.0,1.0
reg-R,40685,shuttle,2.0,5.0,4.0,6.0,1.0,3.0
reg-R,40701,churn,3.0,5.0,4.0,6.0,2.0,1.0
reg-R,40996,Fashion-MNIST,3.0,5.0,4.0,6.0,2.0,1.0
reg-R,41027,jungle_chess_2pcs_raw_endgame_complete,4.0,6.0,3.0,5.0,1.0,2.0
reg-R,41138,APSFailure,3.0,5.0,4.0,6.0,1.0,2.0
reg-R,41146,sylvine,3.0,5.0,4.0,6.0,2.0,1.0
reg-R,41150,MiniBooNE,3.0,5.0,4.0,6.0,2.0,1.0
reg-R,41168,jannis,3.0,5.0,4.0,6.0,2.0,1.0
HARRIS λ=0.00,6,letter,3.0,5.0,4.0,6.0,2.0,1.0
HARRIS λ=0.00,28,optdigits,3.0,5.0,4.0,6.0,2.0,1.0
HARRIS λ=0.00,30,page-blocks,3.0,5.0,4.0,6.0,1.0,2.0
HARRIS λ=0.00,32,pendigits,3.0,5.0,4.0,6.0,2.0,1.0
HARRIS λ=0.00,44,spambase,3.0,5.0,4.0,6.0,2.0,1.0
HARRIS λ=0.00,60,waveform-5000,3.0,5.0,4.0,6.0,2.0,1.0
HARRIS λ=0.00,151,electricity,4.0,5.0,3.0,6.0,2.0,1.0
HARRIS λ=0.00,182,satimage,3.0,5.0,4.0,6.0,2.0,1.0
HARRIS λ=0.00,183,abalone,4.0,5.0,3.0,6.0,1.0,2.0
HARRIS λ=0.00,300,isolet,3.0,5.0,4.0,6.0,2.0,1.0
HARRIS λ=0.00,554,mnist_784,3.0,6.0,4.0,5.0,2.0,1.0
HARRIS λ=0.00,1053,jm1,3.0,5.0,4.0,6.0,2.0,1.0
HARRIS λ=0.00,1120,MagicTelescope,3.0,5.0,4.0,6.0,2.0,1.0
HARRIS λ=0.00,1461,bank-marketing,3.0,5.0,4.0,6.0,2.0,1.0
HARRIS λ=0.00,1476,gas-drift,3.0,5.0,4.0,6.0,2.0,1.0
HARRIS λ=0.00,1478,har,3.0,5.0,4.0,6.0,2.0,1.0
HARRIS λ=0.00,1486,nomao,3.0,5.0,4.0,6.0,2.0,1.0
HARRIS λ=0.00,1489,phoneme,3.0,5.0,4.0,6.0,2.0,1.0
HARRIS λ=0.00,1497,wall-robot-navigation,3.0,5.0,4.0,6.0,1.0,2.0
HARRIS λ=0.00,1590,adult,3.0,5.0,4.0,6.0,2.0,1.0
HARRIS λ=0.00,4134,Bioresponse,3.0,5.0,4.0,6.0,2.0,1.0
HARRIS λ=0.00,4534,PhishingWebsites,3.0,6.0,4.0,5.0,2.0,1.0
HARRIS λ=0.00,4538,GesturePhaseSegmentationProcessed,3.0,5.0,4.0,6.0,2.0,1.0
HARRIS λ=0.00,23517,numerai28.6,3.0,5.0,4.0,6.0,2.0,1.0
HARRIS λ=0.00,40668,connect-4,3.0,5.0,4.0,6.0,2.0,1.0
HARRIS λ=0.00,40685,shuttle,3.0,5.0,4.0,6.0,1.0,2.0
HARRIS λ=0.00,40701,churn,3.0,5.0,4.0,6.0,2.0,1.0
HARRIS λ=0.00,40996,Fashion-MNIST,3.0,5.0,4.0,6.0,2.0,1.0
HARRIS λ=0.00,41027,jungle_chess_2pcs_raw_endgame_complete,3.0,5.0,4.0,6.0,2.0,1.0
HARRIS λ=0.00,41138,APSFailure,3.0,5.0,4.0,6.0,1.0,2.0
HARRIS λ=0.00,41146,sylvine,3.0,5.0,4.0,6.0,2.0,1.0
HARRIS λ=0.00,41150,MiniBooNE,3.0,5.0,4.0,6.0,2.0,1.0
HARRIS λ=0.00,41168,jannis,3.0,5.0,4.0,6.0,2.0,1.0
HARRIS λ=0.25,6,letter,3.0,5.0,4.0,6.0,2.0,1.0
HARRIS λ=0.25,28,optdigits,3.0,5.0,4.0,6.0,2.0,1.0
HARRIS λ=0.25,30,page-blocks,3.0,5.0,4.0,6.0,1.0,2.0
HARRIS λ=0.25,32,pendigits,3.0,5.0,4.0,6.0,2.0,1.0
HARRIS λ=0.25,44,spambase,3.0,5.0,4.0,6.0,2.0,1.0
HARRIS λ=0.25,60,waveform-5000,3.0,5.0,4.0,6.0,2.0,1.0
HARRIS λ=0.25,151,electricity,4.0,5.0,3.0,6.0,2.0,1.0
HARRIS λ=0.25,182,satimage,3.0,5.0,4.0,6.0,2.0,1.0
HARRIS λ=0.25,183,abalone,4.0,5.0,3.0,6.0,1.0,2.0
HARRIS λ=0.25,300,isolet,3.0,5.0,4.0,6.0,2.0,1.0
HARRIS λ=0.25,554,mnist_784,3.0,5.0,4.0,6.0,2.0,1.0
HARRIS λ=0.25,1053,jm1,3.0,5.0,4.0,6.0,2.0,1.0
HARRIS λ=0.25,1120,MagicTelescope,3.0,5.0,4.0,6.0,2.0,1.0
HARRIS λ=0.25,1461,bank-marketing,3.0,5.0,4.0,6.0,2.0,1.0
HARRIS λ=0.25,1476,gas-drift,3.0,5.0,4.0,6.0,2.0,1.0
HARRIS λ=0.25,1478,har,3.0,5.0,4.0,6.0,2.0,1.0
HARRIS λ=0.25,1486,nomao,3.0,5.0,4.0,6.0,2.0,1.0
HARRIS λ=0.25,1489,phoneme,3.0,5.0,4.0,6.0,2.0,1.0
HARRIS λ=0.25,1497,wall-robot-navigation,3.0,5.0,4.0,6.0,2.0,1.0
HARRIS λ=0.25,1590,adult,3.0,5.0,4.0,6.0,1.0,2.0
HARRIS λ=0.25,4134,Bioresponse,3.0,5.0,4.0,6.0,2.0,1.0
HARRIS λ=0.25,4534,PhishingWebsites,3.0,5.0,4.0,6.0,2.0,1.0
HARRIS λ=0.25,4538,GesturePhaseSegmentationProcessed,3.0,5.0,4.0,6.0,2.0,1.0
HARRIS λ=0.25,23517,numerai28.6,3.0,5.0,4.0,6.0,2.0,1.0
HARRIS λ=0.25,40668,connect-4,3.0,5.0,4.0,6.0,2.0,1.0
HARRIS λ=0.25,40685,shuttle,3.0,5.0,4.0,6.0,1.0,2.0
HARRIS λ=0.25,40701,churn,3.0,5.0,4.0,6.0,2.0,1.0
HARRIS λ=0.25,40996,Fashion-MNIST,3.0,5.0,4.0,6.0,2.0,1.0
HARRIS λ=0.25,41027,jungle_chess_2pcs_raw_endgame_complete,3.0,5.0,4.0,6.0,1.0,2.0
HARRIS λ=0.25,41138,APSFailure,3.0,5.0,4.0,6.0,1.0,2.0
HARRIS λ=0.25,41146,sylvine,3.0,5.0,4.0,6.0,2.0,1.0
HARRIS λ=0.25,41150,MiniBooNE,3.0,5.0,4.0,6.0,2.0,1.0
HARRIS λ=0.25,41168,jannis,3.0,5.0,4.0,6.0,2.0,1.0
HARRIS λ=0.50,6,letter,3.0,5.0,4.0,6.0,2.0,1.0
HARRIS λ=0.50,28,optdigits,3.0,5.0,4.0,6.0,2.0,1.0
HARRIS λ=0.50,30,page-blocks,3.0,5.0,4.0,6.0,1.0,2.0
HARRIS λ=0.50,32,pendigits,3.0,5.0,4.0,6.0,2.0,1.0
HARRIS λ=0.50,44,spambase,3.0,5.0,4.0,6.0,2.0,1.0
HARRIS λ=0.50,60,waveform-5000,3.0,5.0,4.0,6.0,2.0,1.0
HARRIS λ=0.50,151,electricity,4.0,6.0,3.0,5.0,2.0,1.0
HARRIS λ=0.50,182,satimage,3.0,5.0,4.0,6.0,2.0,1.0
HARRIS λ=0.50,183,abalone,4.0,5.0,3.0,6.0,1.0,2.0
HARRIS λ=0.50,300,isolet,3.0,5.0,4.0,6.0,2.0,1.0
HARRIS λ=0.50,554,mnist_784,3.0,5.0,4.0,6.0,2.0,1.0
HARRIS λ=0.50,1053,jm1,3.0,5.0,4.0,6.0,2.0,1.0
HARRIS λ=0.50,1120,MagicTelescope,3.0,5.0,4.0,6.0,2.0,1.0
HARRIS λ=0.50,1461,bank-marketing,3.0,5.0,4.0,6.0,2.0,1.0
HARRIS λ=0.50,1476,gas-drift,3.0,5.0,4.0,6.0,2.0,1.0
HARRIS λ=0.50,1478,har,3.0,5.0,4.0,6.0,2.0,1.0
HARRIS λ=0.50,1486,nomao,3.0,5.0,4.0,6.0,2.0,1.0
HARRIS λ=0.50,1489,phoneme,3.0,5.0,4.0,6.0,2.0,1.0
HARRIS λ=0.50,1497,wall-robot-navigation,3.0,5.0,4.0,6.0,1.0,2.0
HARRIS λ=0.50,1590,adult,4.0,5.0,3.0,6.0,2.0,1.0
HARRIS λ=0.50,4134,Bioresponse,3.0,5.0,4.0,6.0,2.0,1.0
HARRIS λ=0.50,4534,PhishingWebsites,3.0,6.0,4.0,5.0,2.0,1.0
HARRIS λ=0.50,4538,GesturePhaseSegmentationProcessed,3.0,5.0,4.0,6.0,2.0,1.0
HARRIS λ=0.50,23517,numerai28.6,3.0,5.0,4.0,6.0,2.0,1.0
HARRIS λ=0.50,40668,connect-4,3.0,5.0,4.0,6.0,2.0,1.0
HARRIS λ=0.50,40685,shuttle,3.0,5.0,4.0,6.0,1.0,2.0
HARRIS λ=0.50,40701,churn,3.0,5.0,4.0,6.0,2.0,1.0
HARRIS λ=0.50,40996,Fashion-MNIST,3.0,5.0,4.0,6.0,2.0,1.0
HARRIS λ=0.50,41027,jungle_chess_2pcs_raw_endgame_complete,3.0,5.0,4.0,6.0,1.0,2.0
HARRIS λ=0.50,41138,APSFailure,3.0,5.0,4.0,6.0,1.0,2.0
HARRIS λ=0.50,41146,sylvine,3.0,5.0,4.0,6.0,2.0,1.0
HARRIS λ=0.50,41150,MiniBooNE,3.0,5.0,4.0,6.0,2.0,1.0
HARRIS λ=0.50,41168,jannis,3.0,5.0,4.0,6.0,2.0,1.0
HARRIS λ=0.75,6,letter,3.0,5.0,4.0,6.0,2.0,1.0
HARRIS λ=0.75,28,optdigits,3.0,5.0,4.0,6.0,2.0,1.0
HARRIS λ=0.75,30,page-blocks,3.0,5.0,4.0,6.0,1.0,2.0
HARRIS λ=0.75,32,pendigits,3.0,5.0,4.0,6.0,2.0,1.0
HARRIS λ=0.75,44,spambase,3.0,5.0,4.0,6.0,2.0,1.0
HARRIS λ=0.75,60,waveform-5000,3.0,5.0,4.0,6.0,2.0,1.0
HARRIS λ=0.75,151,electricity,4.0,6.0,3.0,5.0,1.0,2.0
HARRIS λ=0.75,182,satimage,3.0,5.0,4.0,6.0,2.0,1.0
HARRIS λ=0.75,183,abalone,4.0,5.0,3.0,6.0,1.0,2.0
HARRIS λ=0.75,300,isolet,3.0,5.0,4.0,6.0,2.0,1.0
HARRIS λ=0.75,554,mnist_784,3.0,5.0,4.0,6.0,2.0,1.0
HARRIS λ=0.75,1053,jm1,3.0,5.0,4.0,6.0,2.0,1.0
HARRIS λ=0.75,1120,MagicTelescope,3.0,5.0,4.0,6.0,2.0,1.0
HARRIS λ=0.75,1461,bank-marketing,3.0,5.0,4.0,6.0,1.0,2.0
HARRIS λ=0.75,1476,gas-drift,3.0,5.0,4.0,6.0,2.0,1.0
HARRIS λ=0.75,1478,har,3.0,5.0,4.0,6.0,2.0,1.0
HARRIS λ=0.75,1486,nomao,3.0,5.0,4.0,6.0,2.0,1.0
HARRIS λ=0.75,1489,phoneme,3.0,5.0,4.0,6.0,2.0,1.0
HARRIS λ=0.75,1497,wall-robot-navigation,3.0,5.0,4.0,6.0,2.0,1.0
HARRIS λ=0.75,1590,adult,3.0,5.0,4.0,6.0,1.0,2.0
HARRIS λ=0.75,4134,Bioresponse,3.0,5.0,4.0,6.0,2.0,1.0
HARRIS λ=0.75,4534,PhishingWebsites,3.0,5.0,4.0,6.0,2.0,1.0
HARRIS λ=0.75,4538,GesturePhaseSegmentationProcessed,3.0,5.0,4.0,6.0,2.0,1.0
HARRIS λ=0.75,23517,numerai28.6,3.0,5.0,4.0,6.0,2.0,1.0
HARRIS λ=0.75,40668,connect-4,3.0,5.0,4.0,6.0,2.0,1.0
HARRIS λ=0.75,40685,shuttle,3.0,5.0,4.0,6.0,1.0,2.0
HARRIS λ=0.75,40701,churn,3.0,5.0,4.0,6.0,2.0,1.0
HARRIS λ=0.75,40996,Fashion-MNIST,3.0,5.0,4.0,6.0,2.0,1.0
HARRIS λ=0.75,41027,jungle_chess_2pcs_raw_endgame_complete,3.0,5.0,4.0,6.0,1.0,2.0
HARRIS λ=0.75,41138,APSFailure,3.0,5.0,4.0,6.0,1.0,2.0
HARRIS λ=0.75,41146,sylvine,3.0,5.0,4.0,6.0,2.0,1.0
HARRIS λ=0.75,41150,MiniBooNE,3.0,5.0,4.0,6.0,2.0,1.0
HARRIS λ=0.75,41168,jannis,3.0,5.0,4.0,6.0,2.0,1.0
HARRIS λ=1.00,6,letter,3.0,5.0,4.0,6.0,2.0,1.0
HARRIS λ=1.00,28,optdigits,3.0,5.0,4.0,6.0,2.0,1.0
HARRIS λ=1.00,30,page-blocks,3.0,5.0,4.0,6.0,1.0,2.0
HARRIS λ=1.00,32,pendigits,3.0,5.0,4.0,6.0,2.0,1.0
HARRIS λ=1.00,44,spambase,3.0,5.0,4.0,6.0,2.0,1.0
HARRIS λ=1.00,60,waveform-5000,3.0,5.0,4.0,6.0,2.0,1.0
HARRIS λ=1.00,151,electricity,4.0,5.0,3.0,6.0,1.0,2.0
HARRIS λ=1.00,182,satimage,3.0,5.0,4.0,6.0,2.0,1.0
HARRIS λ=1.00,183,abalone,4.0,5.0,3.0,6.0,1.0,2.0
HARRIS λ=1.00,300,isolet,3.0,5.0,4.0,6.0,2.0,1.0
HARRIS λ=1.00,554,mnist_784,3.0,5.0,4.0,6.0,2.0,1.0
HARRIS λ=1.00,1053,jm1,3.0,5.0,4.0,6.0,2.0,1.0
HARRIS λ=1.00,1120,MagicTelescope,3.0,5.0,4.0,6.0,2.0,1.0
HARRIS λ=1.00,1461,bank-marketing,3.0,5.0,4.0,6.0,1.0,2.0
HARRIS λ=1.00,1476,gas-drift,3.0,5.0,4.0,6.0,2.0,1.0
HARRIS λ=1.00,1478,har,4.0,5.0,3.0,6.0,2.0,1.0
HARRIS λ=1.00,1486,nomao,3.0,5.0,4.0,6.0,2.0,1.0
HARRIS λ=1.00,1489,phoneme,3.0,5.0,4.0,6.0,2.0,1.0
HARRIS λ=1.00,1497,wall-robot-navigation,3.0,5.0,4.0,6.0,2.0,1.0
HARRIS λ=1.00,1590,adult,4.0,5.0,3.0,6.0,1.0,2.0
HARRIS λ=1.00,4134,Bioresponse,3.0,5.0,4.0,6.0,2.0,1.0
HARRIS λ=1.00,4534,PhishingWebsites,3.0,5.0,4.0,6.0,2.0,1.0
HARRIS λ=1.00,4538,GesturePhaseSegmentationProcessed,3.0,5.0,4.0,6.0,2.0,1.0
HARRIS λ=1.00,23517,numerai28.6,3.0,5.0,4.0,6.0,2.0,1.0
HARRIS λ=1.00,40668,connect-4,3.0,5.0,4.0,6.0,2.0,1.0
HARRIS λ=1.00,40685,shuttle,3.0,5.0,4.0,6.0,1.0,2.0
HARRIS λ=1.00,40701,churn,3.0,5.0,4.0,6.0,2.0,1.0
HARRIS λ=1.00,40996,Fashion-MNIST,3.0,5.0,4.0,6.0,2.0,1.0
HARRIS λ=1.00,41027,jungle_chess_2pcs_raw_endgame_complete,3.0,5.0,4.0,6.0,1.0,2.0
HARRIS λ=1.00,41138,APSFailure,3.0,5.0,4.0,6.0,1.0,2.0
HARRIS λ=1.00,41146,sylvine,3.0,5.0,4.0,6.0,2.0,1.0
HARRIS λ=1.00,41150,MiniBooNE,3.0,5.0,4.0,6.0,2.0,1.0
HARRIS λ=1.00,41168,jannis,3.0,5.0,4.0,6.0,2.0,1.0
