did,nome,logreg,nb,knn,tree,rf,hgb
6,letter,4.0,5.0,3.0,6.0,2.0,1.0
28,optdigits,3.0,5.0,4.0,6.0,1.5,1.5
30,page-blocks,1.5,3.5,3.5,5.5,1.5,5.5
32,pendigits,4.0,5.5,3.0,5.5,1.5,1.5
44,spambase,3.0,5.5,4.0,5.5,2.0,1.0
60,waveform-5000,1.0,4.0,5.0,6.0,2.5,2.5
151,electricity,4.0,6.0,3.0,5.0,1.5,1.5
182,satimage,4.0,5.0,3.0,6.0,2.0,1.0
183,abalone,1.0,3.0,4.5,6.0,2.0,4.5
300,isolet,1.5,4.5,4.5,6.0,3.0,1.5
554,mnist_784,3.5,5.0,3.5,6.0,2.0,1.0
1053,jm1,3.0,4.5,4.5,6.0,1.5,1.5
1120,MagicTelescope,4.0,6.0,3.0,5.0,1.5,1.5
1461,bank-marketing,3.0,5.0,4.0,6.0,1.5,1.5
1476,gas-drift,3.5,6.0,3.5,5.0,1.5,1.5
1478,har,2.5,5.5,4.0,5.5,2.5,1.0
1486,nomao,3.0,6.0,4.0,5.0,2.0,1.0
1489,phoneme,6.0,5.0,3.0,4.0,1.0,2.0
1497,wall-robot-navigation,5.0,6.0,4.0,3.0,2.0,1.0
1590,adult,2.5,6.0,4.0,5.0,2.5,1.0
4134,Bioresponse,4.0,6.0,3.0,5.0,1.5,1.5
4534,PhishingWebsites,4.0,5.5,3.0,5.5,1.5,1.5
4538,GesturePhaseSegmentationProcessed,4.0,5.0,3.0,6.0,1.0,2.0
23517,numerai28.6,1.5,1.5,4.5,4.5,4.5,4.5
40668,connect-4,3.0,6.0,4.0,5.0,2.0,1.0
40685,shuttle,5.0,3.5,3.5,2.0,1.0,6.0
40701,churn,3.5,3.5,6.0,5.0,1.5,1.5
40996,Fashion-MNIST,3.0,5.0,4.0,6.0,2.0,1.0
41027,jungle_chess_2pcs_raw_endgame_complete,5.5,4.0,3.0,5.5,2.0,1.0
41138,APSFailure,4.0,4.0,4.0,6.0,2.0,1.0
41146,sylvine,3.0,4.0,6.0,5.0,2.0,1.0
41150,MiniBooNE,4.0,6.0,3.0,5.0,2.0,1.0
41168,jannis,2.5,4.0,5.0,6.0,2.5,1.0
