did,nome,n,p,base,preparação,domínio,complexidade
6,letter,10000,16,0.1101340559998789,0.053462182000203,0.2573634579998725,0.7890942499998346
28,optdigits,5620,64,0.1714502529998753,0.0254850970000006,0.0645871820001957,2.078036056000201
30,page-blocks,5473,10,0.0399513890001799,0.0141762120001658,0.1159896149997621,3.870171209000091
32,pendigits,10000,16,0.0836179079997236,0.0317291750002368,0.1437622290000035,0.8595185059998585
44,spambase,4601,57,0.1490177919999951,0.0192764620001071,0.0796631359999082,2.4779278840001098
60,waveform-5000,5000,40,0.1022331350000058,0.017636119999679,0.0733613959996546,1.0802294120003353
151,electricity,10000,14,0.0516000600000552,0.0318049970001084,0.3223543419999259,0.8575184559999798
182,satimage,6430,36,0.1242728820002412,0.0157456699998874,0.0679681900001014,1.254046310999911
183,abalone,4153,10,0.0231185460002052,0.0101244809998206,0.0713291020001634,0.9057330230002664
300,isolet,7797,617,1.8849297830001888,0.4594384350002656,0.5158845289997771,181.3255373689999
554,mnist_784,10000,784,5.430302004000168,0.7373918940002113,1.0126815920002628,77.06111175399974
1053,jm1,10000,21,0.0721921130002556,0.0366900429999077,0.1227704399998401,3.758875937000085
1120,MagicTelescope,10000,10,0.0666265109998676,0.016612750999684,0.3281204449999677,1.1471540630000163
1461,bank-marketing,10000,51,0.070001800999762,0.0557368949998817,0.1551121469997269,1.5606551450000552
1476,gas-drift,10000,128,0.52127779500006,0.1141663660000631,0.2324640789997829,6.841416984000261
1478,har,10000,561,1.985462232999908,0.6139876979996188,0.7592259359998934,32.54963797499977
1486,nomao,10000,174,0.5463141409995842,0.1383669030001328,0.2873909310001181,7.7762553319998915
1489,phoneme,5404,5,0.0491192389999923,0.0079680290000396,0.0394461389996649,0.6976159969999571
1497,wall-robot-navigation,5456,24,0.0915402619998531,0.010833790000106,0.0727515890002905,0.8791421890000493
1590,adult,10000,104,0.0814010340000095,0.0579019089996108,0.2075933190003525,4.594019636000212
4134,Bioresponse,3751,1776,3.703784129000269,0.5857408409997333,0.3597591459997602,158.168400819
4534,PhishingWebsites,10000,68,0.0431507379998947,0.0825166880003962,0.1594833420003851,1.769773150999754
4538,GesturePhaseSegmentationProcessed,9873,32,0.1203171870001824,0.039035996000166,0.1309572200002549,2.336780546999762
23517,numerai28.6,10000,21,0.2743221189998621,0.0730340850000175,0.1359114080000836,1.076825022000321
40668,connect-4,10000,125,0.1377829269999892,0.1841944239999975,0.2340560719999302,6.77886968599978
40685,shuttle,9987,9,0.0915710469998885,0.0471588069999597,0.3046891590001905,1.5455843669997194
40701,churn,5000,33,0.0581695320001927,0.0145478469999034,0.0649978599999485,1.1851215829997273
40996,Fashion-MNIST,10000,784,6.422082212000078,0.8555356859997119,1.034500886999922,105.2308713729999
41027,jungle_chess_2pcs_raw_endgame_complete,10000,6,0.0219827959999747,0.0261818420003692,0.0901859360001253,0.625175752999894
41138,APSFailure,10000,170,2.566226012000243,0.3183684350001385,0.2865585710001141,10.652692551999737
41146,sylvine,5124,20,0.0656231060002028,0.0097313979999853,0.0569534020000901,0.983976266999889
41150,MiniBooNE,10000,50,1.07437933600022,0.1011096020001787,0.1350531759999285,3.663306464000016
41168,jannis,10000,54,0.8730820309997398,0.09818491099986204,0.15599602500014953,1.5473407439999391
