did,medida,segundos
6,F1,0.0003187789998264
6,F1v,0.0056949360000544
6,F2,0.0001631129998713
6,F3,0.000266517
6,F4,0.000839206999899
6,L1,0.0272331959999974
6,L2,0.0244048179997662
6,L3,0.0311832929996853
6,N1,0.1907143839998752
6,N2,0.0005587660002674
6,N3,0.0137934829999721
6,N4,0.0076588009997067
6,T1,0.1226927050001904
6,LSC,0.0677256540002417
6,Density,0.0649042260001806
6,ClsCoef,0.0841969660000359
6,Hubs,0.138012161000006
6,T2,3.475300036370754e-05
6,T3,0.00153276500032
6,T4,0.0008649899996271
6,C1,0.0002266679998683
6,C2,0.0003047080003852
28,F1,0.0002705449996938
28,F1v,0.1388952419997622
28,F2,0.0017562199996064
28,F3,0.0011490029996821
28,F4,0.0028779230001418
28,L1,0.1896793910000269
28,L2,0.1701999540000542
28,L3,0.1977815689997442
28,N1,0.3148768519999976
28,N2,0.0062804470003356
28,N3,0.0256366229996274
28,N4,0.0135108340000442
28,T1,0.2790063040001769
28,LSC,0.1402145309998559
28,Density,0.1866755859996374
28,ClsCoef,0.2008614199999101
28,Hubs,0.1901568150001367
28,T2,9.363500021208893e-05
28,T3,0.0097616919997562
28,T4,0.004144570000335
28,C1,0.000269444999958
28,C2,0.0003797700001086
30,F1,0.0004168609998487
30,F1v,0.0021186559997659
30,F2,0.00015112400024
30,F3,0.0001400779997311
30,F4,0.0015023680002741
30,L1,0.0030143630001475
30,L2,0.0030824370001028
30,L3,0.0245518530000481
30,N1,0.2357481879998886
30,N2,0.0455592070002239
30,N3,0.0052980480004407
30,N4,0.0628501339997456
30,T1,0.0948404239998126
30,LSC,0.0748967009999432
30,Density,0.0609702799997649
30,ClsCoef,3.0615650909999204
30,Hubs,0.1887161750000814
30,T2,3.849399990940583e-05
30,T3,0.0012498409996624
30,T4,0.0008609420001448
30,C1,0.000113493000299
30,C2,8.771699958742829e-05
32,F1,0.0002340980004191
32,F1v,0.0024257000000034
32,F2,8.856800013745669e-05
32,F3,0.0001359819998469
32,F4,0.0004495199996199
32,L1,0.0078813100003571
32,L2,0.0075524510002651
32,L3,0.0100521730000764
32,N1,0.2179669070001182
32,N2,0.0030551790000572
32,N3,0.0395109969999794
32,N4,0.01403200499999
32,T1,0.1075793109998812
32,LSC,0.0805844500000603
32,Density,0.0729750780001268
32,ClsCoef,0.1518674450003345
32,Hubs,0.1342002920000595
32,T2,4.120199992030393e-05
32,T3,0.0016947660001278
32,T4,0.0018298609998055
32,C1,0.0002067099999294
32,C2,0.0002259140001115
44,F1,0.0005047370000283
44,F1v,0.1200111049997758
44,F2,0.0004056359998685
44,F3,0.0006553960001838
44,F4,0.0522684739999022
44,L1,0.0167369399996459
44,L2,0.0061051970001244
44,L3,0.0317519280001761
44,N1,0.2753476829998362
44,N2,0.1490294329996686
44,N3,0.0303167150000263
44,N4,0.0620208379996256
44,T1,0.2630269140004202
44,LSC,0.1304114679996928
44,Density,0.1293228119998275
44,ClsCoef,0.9740252490000784
44,Hubs,0.2265059249998557
44,T2,0.0001187440002468
44,T3,0.0027215750001232
44,T4,0.0027724350002245
44,C1,0.0001201120003315
44,C2,6.17939999756345e-05
60,F1,0.0003579889998945
60,F1v,0.0160848609998538
60,F2,0.0003870869995807
60,F3,0.0004637809997802
60,F4,0.0119182840003304
60,L1,0.0055336230002467
60,L2,0.0049160180001308
60,L3,0.0183485580000706
60,N1,0.2349029050001263
60,N2,0.0564630310000211
60,N3,0.0162630790000548
60,N4,0.0349716820001049
60,T1,0.2173939780000182
60,LSC,0.0865527149999252
60,Density,0.1047762840003088
60,ClsCoef,0.119716865999635
60,Hubs,0.1423478870001417
60,T2,4.9695999678078806e-05
60,T3,0.0033147469998766
60,T4,0.0010449589999552
60,C1,6.836900001871982e-05
60,C2,7.426399997711997e-05
151,F1,0.0002155449997189
151,F1v,0.0025590149998606
151,F2,0.000168706000295
151,F3,0.0001659639997342
151,F4,0.0023811230003047
151,L1,0.0015492229999836
151,L2,0.0010654599996087
151,L3,0.0196712059996571
151,N1,0.1816935140000168
151,N2,0.0723085749996244
151,N3,0.0144974129998445
151,N4,0.0608790309997857
151,T1,0.140961993000019
151,LSC,0.0891950600002928
151,Density,0.068115612999918
151,ClsCoef,0.0931317270001272
151,Hubs,0.1050130969997553
151,T2,2.657999993971316e-05
151,T3,0.0008325060002789
151,T4,0.0004918680001537
151,C1,5.1027999688813e-05
151,C2,2.6685000193538144e-05
182,F1,0.0003141209999739
182,F1v,0.0120992709998972
182,F2,0.0001437450000594
182,F3,0.0002615950002109
182,F4,0.0012483300001804
182,L1,0.0127203570000347
182,L2,0.012016874999972
182,L3,0.0170584109996525
182,N1,0.2583319360001042
182,N2,0.022177408999596
182,N3,0.0255635700000311
182,N4,0.0159114440002667
182,T1,0.1558738270000503
182,LSC,0.0996984849998625
182,Density,0.1122107200003483
182,ClsCoef,0.3258214600000428
182,Hubs,0.1759950640002898
182,T2,4.869500025961315e-05
182,T3,0.0013736659998357
182,T4,0.0008566259998588
182,C1,8.305700021082885e-05
182,C2,6.989199982854188e-05
183,F1,0.0001433380002708
183,F1v,0.0012000319998151
183,F2,9.74800000221876e-05
183,F3,0.0001078459999916
183,F4,0.0012198099998386
183,L1,0.0097036530000877
183,L2,0.0088363269996989
183,L3,0.0190327740001521
183,N1,0.2017729080002936
183,N2,0.0043043240002589
183,N3,0.0041027879997272
183,N4,0.0111045310000008
183,T1,0.1112625719997595
183,LSC,0.0537116629998308
183,Density,0.066007172999889
183,ClsCoef,0.3135052439997707
183,Hubs,0.0953711350002777
183,T2,2.452700027788524e-05
183,T3,0.0008458190000055
183,T4,0.0004847889999837
183,C1,0.0001375910001115
183,C2,0.0001380190001327
300,F1,0.0013944140000603
300,F1v,6.52948734399979
300,F2,0.0015206860002763
300,F3,0.0153098710002268
300,F4,0.0270251650003956
300,L1,50.15254308499971
300,L2,50.62105061200009
300,L3,52.555875800000194
300,N1,1.7029988130002494
300,N2,0.0066218080000908
300,N3,0.0262672600001678
300,N4,0.0069045379996168
300,T1,3.0936963980002474
300,LSC,1.4990157590000308
300,Density,1.2727816740002709
300,ClsCoef,1.497922746000313
300,Hubs,1.5269262020001406
300,T2,0.0003499980002743
300,T3,5.292275597999833
300,T4,5.443184256999757
300,C1,0.0004483230000005
300,C2,0.0004933589998472
554,F1,0.0027116159999422
554,F1v,11.761003396999968
554,F2,0.0028800350000892
554,F3,0.0150481970003966
554,F4,0.0268966730000101
554,L1,12.513556296999925
554,L2,13.061908538999887
554,L3,12.776308973999676
554,N1,1.994772783999906
554,N2,0.0564406379999127
554,N3,0.0550401129999045
554,N4,0.0173250820002976
554,T1,3.637190618000204
554,LSC,1.8371412110000165
554,Density,1.5843403650001164
554,ClsCoef,1.7050574089998918
554,Hubs,1.5764115819997642
554,T2,0.0007155180001063
554,T3,7.418984733999878
554,T4,6.840461397000127
554,C1,0.0002699380002013
554,C2,0.0001819599997361
1053,F1,0.0005930770003033
1053,F1v,0.0067509800001062
1053,F2,0.0002562680001574
1053,F3,0.0002794739998535
1053,F4,0.0046640320001642
1053,L1,0.0033431850001761
1053,L2,0.0028816039998673
1053,L3,0.0201671180002449
1053,N1,0.2227538379997895
1053,N2,0.1148188160000245
1053,N3,0.0236252930003502
1053,N4,0.037217457999759
1053,T1,0.1620937569996385
1053,LSC,0.1123323130000244
1053,Density,0.1109294979996775
1053,ClsCoef,2.742997474999811
1053,Hubs,0.1859499750003124
1053,T2,2.868199999284116e-05
1053,T3,0.0008144849998643
1053,T4,0.0005071159998806
1053,C1,5.1337000058993e-05
1053,C2,2.8001000373478743e-05
1120,F1,0.0002468459997544
1120,F1v,0.0013773000000583
1120,F2,0.0001878469997791
1120,F3,0.0001664520000304
1120,F4,0.0017200450001837
1120,L1,0.0013462970000546
1120,L2,0.0010116650000782
1120,L3,0.0186439379999683
1120,N1,0.2212134179999338
1120,N2,0.0553723150001133
1120,N3,0.0080787270003384
1120,N4,0.0570753739998508
1120,T1,0.0927575170003365
1120,LSC,0.0657055570000011
1120,Density,0.084377146999941
1120,ClsCoef,0.3987027789999047
1120,Hubs,0.135002914999859
1120,T2,2.414899972791318e-05
1120,T3,0.0008012860002963
1120,T4,0.0004623500003617
1120,C1,5.416000021796208e-05
1120,C2,2.664600015123142e-05
1461,F1,0.0004598129999067
1461,F1v,0.0847769669999252
1461,F2,0.0036023679999743
1461,F3,0.0010169950000999
1461,F4,0.065206567000132
1461,L1,0.005571343000156
1461,L2,0.0067209149997324
1461,L3,0.0276009799999883
1461,N1,0.2671522480000021
1461,N2,0.127484688000095
1461,N3,0.0289279080002415
1461,N4,0.069831852000334
1461,T1,0.2224605170003997
1461,LSC,0.1447138300000006
1461,Density,0.1363427500000398
1461,ClsCoef,0.1677634840002611
1461,Hubs,0.1934621800000968
1461,T2,5.167000017536338e-05
1461,T3,0.0023659600001337
1461,T4,0.0008219010001084
1461,C1,5.088100033390219e-05
1461,C2,2.732199982347084e-05
1476,F1,0.0003980699998464
1476,F1v,0.7414829340000324
1476,F2,0.0008999179999591
1476,F3,0.0022265689999585
1476,F4,0.0077458939999814
1476,L1,0.131354924000334
1476,L2,0.1556940390000818
1476,L3,0.1063223470000593
1476,N1,0.3883909300002415
1476,N2,0.0312804010000036
1476,N3,0.0335826549999183
1476,N4,0.02791237800011
1476,T1,0.3621853300001021
1476,LSC,0.3130587969999396
1476,Density,0.2996219540000311
1476,ClsCoef,1.086036841999885
1476,Hubs,0.3158422400001655
1476,T2,0.0001578669998707
1476,T3,1.2685511419999784
1476,T4,1.559267836000345
1476,C1,0.0001795819998733
1476,C2,0.0001239440002791
1478,F1,0.0048108830001183
1478,F1v,6.075931226000193
1478,F2,0.0024343150003005
1478,F3,0.0135595730002933
1478,F4,0.0770313530001658
1478,L1,2.670019590000265
1478,L2,2.698831792999954
1478,L3,2.423706965999827
1478,N1,1.4486435470003016
1478,N2,0.1142702639999697
1478,N3,0.0531952010001077
1478,N4,0.0236609449998468
1478,T1,3.0445965879998766
1478,LSC,1.3788430180002251
1478,Density,1.2005545740003072
1478,ClsCoef,1.5415348090000407
1478,Hubs,1.1605859239998608
1478,T2,0.0004686680003942
1478,T3,4.293312167999829
1478,T4,4.254383727999993
1478,C1,0.0002221099998678
1478,C2,0.0001211789999615
1486,F1,0.0010410700001557
1486,F1v,0.8815104270001939
1486,F2,0.0019937749998462
1486,F3,0.0042722509997474
1486,F4,0.3019866929998898
1486,L1,0.0186154240000178
1486,L2,0.0127829349999046
1486,L3,0.0349057989997163
1486,N1,0.563903976000347
1486,N2,0.3977632880000783
1486,N3,0.0331018859997129
1486,N4,0.0490296490002037
1486,T1,0.6858695910000279
1486,LSC,0.4518681730000935
1486,Density,0.4074304219998339
1486,ClsCoef,0.5148566760003632
1486,Hubs,0.4214428010000119
1486,T2,0.0001157920000878
1486,T3,1.4688829199999418
1486,T4,1.5176211509997302
1486,C1,0.0001530929998807
1486,C2,6.356099993354292e-05
1489,F1,0.0003428969998822
1489,F1v,0.000514263000241
1489,F2,0.0001502529999015
1489,F3,0.0001142379996963
1489,F4,0.0006817400003455
1489,L1,0.0009482759996899
1489,L2,0.0006679399998574
1489,L3,0.0182923170000322
1489,N1,0.191234169999916
1489,N2,0.0635990259997925
1489,N3,0.0067951259998153
1489,N4,0.0424872950002281
1489,T1,0.0685508990000016
1489,LSC,0.0419969989998207
1489,Density,0.0437754049999057
1489,ClsCoef,0.1065645150001728
1489,Hubs,0.1071969409999837
1489,T2,1.757400013957522e-05
1489,T3,0.000867597999786
1489,T4,0.0004359429999567
1489,C1,5.160799992154352e-05
1489,C2,2.8540000130306e-05
1497,F1,0.00035284400019
1497,F1v,0.0076364239998838
1497,F2,0.0002127210000253
1497,F3,0.0002621339999677
1497,F4,0.0009449590002077
1497,L1,0.0052567210000233
1497,L2,0.0045820740001545
1497,L3,0.0163993999999547
1497,N1,0.1848585750003621
1497,N2,0.0479434229996513
1497,N3,0.0156616069998563
1497,N4,0.0297540209999169
1497,T1,0.1506047069997294
1497,LSC,0.091482986000301
1497,Density,0.0897196229998371
1497,ClsCoef,0.1179209749998335
1497,Hubs,0.1108417759996882
1497,T2,3.120600013062358e-05
1497,T3,0.0010122250000677
1497,T4,0.0005579859998761
1497,C1,5.966400021861773e-05
1497,C2,4.023200017400086e-05
1590,F1,0.0011504500002956
1590,F1v,0.4528579850002643
1590,F2,0.0012367389999781
1590,F3,0.0060006110002177
1590,F4,0.138014688000112
1590,L1,0.0031269489995793
1590,L2,0.0023484299999836
1590,L3,0.0200594010002532
1590,N1,0.3848490869995657
1590,N2,0.2094367310000962
1590,N3,0.0382629850000739
1590,N4,0.0877404530001513
1590,T1,0.4200817310002094
1590,LSC,0.2424818659997072
1590,Density,0.2880613909997009
1590,ClsCoef,0.2841024970002763
1590,Hubs,0.3166131039997708
1590,T2,9.735099956742488e-05
1590,T3,0.8057731769999918
1590,T4,0.8851058309996915
1590,C1,0.0001513940001132
1590,C2,6.32840001344448e-05
4134,F1,0.0142452650002269
4134,F1v,73.30014161499957
4134,F2,0.0230138660003831
4134,F3,0.0641087349999907
4134,F4,9.527933345999829
4134,L1,1.2582154140000057
4134,L2,1.2934399860000667
4134,L3,1.2721137120001913
4134,N1,6.241288064999935
4134,N2,4.553064119999817
4134,N3,0.0632741330000499
4134,N4,0.0838144429999374
4134,T1,10.976770599000249
4134,LSC,5.69131273999983
4134,Density,4.09768747399994
4134,ClsCoef,4.045917317999738
4134,Hubs,4.012139324000145
4134,T2,0.0008631910000076
4134,T3,16.39422135299992
4134,T4,15.15718712800026
4134,C1,0.0002134270002898
4134,C2,6.373800033543375e-05
4534,F1,0.0004390580002109
4534,F1v,0.1502812200001244
4534,F2,0.0009242940000149
4534,F3,0.0013518210002985
4534,F4,0.0833580710000205
4534,L1,0.0046340689996213
4534,L2,0.0034768680002343
4534,L3,0.018619843000124
4534,N1,0.2146017519999077
4534,N2,0.1921330019999914
4534,N3,0.0296100280002065
4534,N4,0.0593488039999101
4534,T1,0.285361216000183
4534,LSC,0.1597746500001449
4534,Density,0.1310664530001304
4534,ClsCoef,0.1908752109998204
4534,Hubs,0.2261624849998043
4534,T2,0.0001167730001725
4534,T3,0.0111740299998928
4534,T4,0.0029241699999147
4534,C1,0.0001506879998487
4534,C2,9.620599985282752e-05
4538,F1,0.0002833770004144
4538,F1v,0.0106333580001773
4538,F2,0.0001391199998579
4538,F3,0.0002909419999923
4538,F4,0.0076629760001196
4538,L1,0.0140363079999588
4538,L2,0.0134478220002165
4538,L3,0.0219196739999461
4538,N1,0.2243604100003722
4538,N2,0.0202649460002248
4538,N3,0.0306563730000561
4538,N4,0.0315593520003858
4538,T1,0.1935054720001972
4538,LSC,0.0997990880000543
4538,Density,0.0828060869998807
4538,ClsCoef,1.4124387370002296
4538,Hubs,0.1670189430001301
4538,T2,6.508400019811234e-05
4538,T3,0.0015415359998769
4538,T4,0.0006785509999645
4538,C1,9.021999994729411e-05
4538,C2,4.829199997402611e-05
23517,F1,0.0004011490000266
23517,F1v,0.0049941550000767
23517,F2,0.0002034760000242
23517,F3,0.0002338499998586
23517,F4,0.0045946569998704
23517,L1,0.0024386690001847
23517,L2,0.0017074979996323
23517,L3,0.0179787799997939
23517,N1,0.2414847079999162
23517,N2,0.1106009449999874
23517,N3,0.028505030999895
23517,N4,0.0396302510002897
23517,T1,0.2046376429998417
23517,LSC,0.0853362429998014
23517,Density,0.0856359700001121
23517,ClsCoef,0.1078595720000521
23517,Hubs,0.1337171720001606
23517,T2,5.002200032322435e-05
23517,T3,0.0008617550001872
23517,T4,0.0004780640001627
23517,C1,4.976699983672006e-05
23517,C2,2.6917000013781944e-05
40668,F1,0.0004676889998336
40668,F1v,0.8919721900001605
40668,F2,0.0009510199997748
40668,F3,0.0054584370000156
40668,F4,0.1703677169998627
40668,L1,0.0206808500001898
40668,L2,0.0232122450001952
40668,L3,0.0295887860002039
40668,N1,0.3117629650000708
40668,N2,0.0239718859997992
40668,N3,0.0417082540002411
40668,N4,0.0362746939999851
40668,T1,0.5725098329999128
40668,LSC,0.2672209869997459
40668,Density,0.2586154440000427
40668,ClsCoef,0.2724270720000277
40668,Hubs,0.2952817240002332
40668,T2,0.0001144190000559
40668,T3,1.8606305009998323
40668,T4,1.6899967589997686
40668,C1,0.0001672309999776
40668,C2,8.157299998856615e-05
40685,F1,0.000221614000111
40685,F1v,0.0009912830000757
40685,F2,0.0001320339997619
40685,F3,0.0001221060001626
40685,F4,0.0004403180000736
40685,L1,0.002018100999976
40685,L2,0.0017324109999208
40685,L3,0.0195161979995646
40685,N1,0.1794487540000773
40685,N2,0.0341008089999377
40685,N3,0.0050678040001912
40685,N4,0.0360349700004007
40685,T1,0.0594261119999828
40685,LSC,0.0544954819997656
40685,Density,0.0688970119999794
40685,ClsCoef,0.9486602850001872
40685,Hubs,0.1288144549998833
40685,T2,2.2017999981471803e-05
40685,T3,0.0007959059998938
40685,T4,0.0004160499997851
40685,C1,5.765000014434918e-05
40685,C2,4.052700023748912e-05
40701,F1,0.0003664119999484
40701,F1v,0.0138691480001398
40701,F2,0.0004196139998384
40701,F3,0.0005915540000387
40701,F4,0.0103192380001928
40701,L1,0.0028671780000877
40701,L2,0.0024452210000163
40701,L3,0.0354257159997359
40701,N1,0.2150629499997194
40701,N2,0.0954622760000347
40701,N3,0.0276528479998887
40701,N4,0.0601456099998358
40701,T1,0.1850045400001363
40701,LSC,0.0858661580000443
40701,Density,0.1214987119997204
40701,ClsCoef,0.1440658589999657
40701,Hubs,0.1794459370003096
40701,T2,3.888099990945193e-05
40701,T3,0.001008904000173
40701,T4,0.0006556510002155
40701,C1,6.19570000708336e-05
40701,C2,2.849100019375328e-05
40996,F1,0.0025932200001079
40996,F1v,12.419686244999866
40996,F2,0.0057537899997441
40996,F3,0.0324127519998
40996,F4,0.0626088340000023
40996,L1,22.43991317300015
40996,L2,20.88097741999991
40996,L3,20.00237530699997
40996,N1,2.2290109560003657
40996,N2,0.0488369560002865
40996,N3,0.052315260999876
40996,N4,0.0160792609999589
40996,T1,4.035949577000338
40996,LSC,2.168625284999962
40996,Density,1.5703959209999994
40996,ClsCoef,1.5060051449995626
40996,Hubs,1.6632488870000088
40996,T2,0.0026170730002377
40996,T3,7.855403432999992
40996,T4,8.076539330999822
40996,C1,0.0004157350003879
40996,C2,0.0002109090000885
41027,F1,0.0002016679995904
41027,F1v,0.0008970889998636
41027,F2,0.0001245009998456
41027,F3,9.511200005363209e-05
41027,F4,0.000766829999975
41027,L1,0.0012405420002323
41027,L2,0.0009418979998372
41027,L3,0.0082411200000933
41027,N1,0.1829275820000475
41027,N2,0.0142795430001569
41027,N3,0.0069420199997694
41027,N4,0.0330275010001059
41027,T1,0.0714076879999083
41027,LSC,0.0536886750001031
41027,Density,0.0556179310001425
41027,ClsCoef,0.0902729340000405
41027,Hubs,0.098826430000372
41027,T2,2.974500011987402e-05
41027,T3,0.0014147140000204
41027,T4,0.0010067910002362
41027,C1,0.0001092020002033
41027,C2,7.279800001924741e-05
41138,F1,0.000826348999908
41138,F1v,0.921823743999994
41138,F2,0.0046279159996629
41138,F3,0.0038790329999756
41138,F4,0.0412564519997431
41138,L1,0.2318515780002599
41138,L2,0.2158140879996608
41138,L3,0.2216880490000221
41138,N1,0.5299084810003478
41138,N2,0.3552176250000229
41138,N3,0.0280458270003691
41138,N4,0.0546892019997358
41138,T1,0.4192407339996862
41138,LSC,0.3874379479998424
41138,Density,0.303485171000375
41138,ClsCoef,3.828665099999853
41138,Hubs,0.4546175350001249
41138,T2,0.0001490530003138
41138,T3,1.344412334000026
41138,T4,1.2918286010003612
41138,C1,0.0001565259999551
41138,C2,6.332399971142877e-05
41146,F1,0.0004653160003726
41146,F1v,0.0134778510000614
41146,F2,0.0005234899999777
41146,F3,0.0006049730000086
41146,F4,0.0106597489998421
41146,L1,0.002978190000249
41146,L2,0.0019786220000241
41146,L3,0.0210297359999458
41146,N1,0.2180316509998192
41146,N2,0.0906368740002108
41146,N3,0.0203121089998603
41146,N4,0.066106629999922
41146,T1,0.1471095090000744
41146,LSC,0.0880540899997868
41146,Density,0.0959321410000484
41146,ClsCoef,0.0922648480000134
41146,Hubs,0.1095217629999751
41146,T2,2.948100018329569e-05
41146,T3,0.0008447330001217
41146,T4,0.0005338949999895
41146,C1,5.262400009087287e-05
41146,C2,2.693900023587048e-05
41150,F1,0.000449717000265
41150,F1v,0.070202743000209
41150,F2,0.0003439110000726
41150,F3,0.000596674999997
41150,F4,0.0321328929999253
41150,L1,0.0567649570002686
41150,L2,0.0281881640003121
41150,L3,0.0581875859998035
41150,N1,0.2929730589999053
41150,N2,0.1358736470001531
41150,N3,0.0282871429999431
41150,N4,0.0562949740001386
41150,T1,0.2117336010001054
41150,LSC,0.1776673530002881
41150,Density,0.108213058000274
41150,ClsCoef,2.141038349000155
41150,Hubs,0.2543433509999886
41150,T2,7.101300025169621e-05
41150,T3,0.0028745260001414
41150,T4,0.001153972999873
41150,C1,0.0001318580002589
41150,C2,4.21039999309869e-05
41168,F1,0.0003121790000477631
41168,F1v,0.10927055100000871
41168,F2,0.00033212000016646925
41168,F3,0.0007282530000338738
41168,F4,0.014966343000196503
41168,L1,0.04442440100001477
41168,L2,0.032853306000106386
41168,L3,0.0295931309997286
41168,N1,0.30827973099985684
41168,N2,0.015248338999754196
41168,N3,0.021857402000023285
41168,N4,0.027039833999879193
41168,T1,0.3016648160000841
41168,LSC,0.12294135899992398
41168,Density,0.13956009599996833
41168,ClsCoef,0.15805248400010896
41168,Hubs,0.20805651199998465
41168,T2,8.058499997787294e-05
41168,T3,0.0035437420001471764
41168,T4,0.002892782000344596
41168,C1,0.0001544560000183992
41168,C2,0.0001413529998899321
