did,nome,ImbalanceDegree,LRID,EffectiveMinorityClassSize,MinoritySafeRatio,MinorityBorderlineRatio,MinorityRareRatio,MinorityOutlierRatio,MinorityN3,MajorityN3,MeanKDN,F1,F1v,F2,F3,F4,L1,L2,L3,N1,N2,N3,N4,T1,LSC,Density,ClsCoef,Hubs,T2,T3,T4,C1,C2
6,letter,13.016032209499205,8.80243126617303,8.519636252843213,0.8076849914399847,0.1409549172531862,0.0391858474415065,0.0121742438653224,0.0682898991820429,0.0550284629981024,0.12366,0.710752107688439,0.0017009968884395,0.000299289188178,0.298,0.0,0.6776624032323126,0.27,0.0909090909090909,0.0,0.2811597966289772,0.261,0.0649350649350649,0.763,0.995805,0.9904544544544543,0.5689595106348835,0.9356696597671376,0.016,0.012,0.75,0.0001291321434998,-0.923009378208014
28,optdigits,4.00682082539087,0.743025380366154,9.113742166049189,0.9633225458468176,0.0251708018698309,0.0071916576770945,0.0043149946062567,0.0151024811218985,0.0235998591053187,0.0323487544483985,0.2708806843184175,0.0012918351407799,0.0,0.323,0.0,0.0082325398058635,0.002,0.0,0.0,0.2823615388888827,0.051,0.015,0.723,0.974732,0.9968568568568568,0.7843850445812277,0.978164102570749,0.064,0.039,0.609375,3.904502201945714e-05,-0.799959985926479
30,page-blocks,3.752613968057908,12795.53080277661,4.807354922057604,0.6607142857142857,0.1821428571428571,0.0625,0.0946428571428571,0.1892857142857142,0.016486871565235,0.0441805225653206,0.5719928195955709,0.0432043967646352,0.0403260296140255,0.868,0.181,0.0752993128744369,0.046,0.0219206680584551,0.0155,0.1626924928319017,0.055,0.022964509394572,0.116,0.8519760000000001,0.2703403403403404,0.0807644275423991,0.1674243623105002,0.01,0.006,0.6,0.7271107507719903,0.7755453796504964
32,pendigits,4.023741263491325,16.006192476895194,9.906890595608518,0.989375,0.0060416666666666,0.001875,0.0027083333333333,0.005,0.0061538461538461,0.0101,0.2529894489561197,0.0024498878990959,0.0013812005866594,0.359,0.0,0.1482893953146539,0.056,0.0384615384615384,0.0,0.1419750836358704,0.023,0.0432692307692307,0.291,0.968468,0.9744664664664664,0.354443513774166,0.9326172142733196,0.016,0.01,0.625,0.0003475282943586,-0.7996445076430858
44,spambase,0.1394285583412625,208.18751638427648,10.824163209744158,0.7904026475455047,0.1351351351351351,0.0413678985107556,0.0330943188086045,0.1092112520683949,0.0652797704447632,0.1214953271028037,0.7634969624871619,0.1343716289488553,0.0,0.852,0.358,0.0087544483113132,0.065,0.034,0.0775,0.3514041922577297,0.13,0.074,0.517,0.986675,0.6896076076076076,0.1435421166193573,0.5332091749242587,0.057,0.046,0.8070175438596491,0.0326675661883334,0.0860218346629101
60,waveform-5000,1.0058403090541503,0.5773624922938936,10.690871009292314,0.5601571946795647,0.3715235792019347,0.057738814993954,0.0105804111245465,0.2602781136638452,0.3197399527186761,0.3046,0.5017523719991336,0.0646129195863138,0.0001014461321805,0.716,0.153,0.2579523267801001,0.11,0.0553064275037369,0.058,0.4592637272821881,0.281,0.0866965620328849,1.0,0.995764,0.9941901901901902,0.8360380446145498,0.9694626608852862,0.04,0.034,0.85,4.449873659062576e-05,-0.3332349939641703
151,electricity,0.0990005740031218,228.88447652946684,12.0515488384404,0.5432273262661955,0.3142520612485276,0.0975265017667844,0.0449941107184923,0.2607773851590106,0.1845351867940921,0.26052,0.5958714442663475,0.352224886557437,0.0616461435110423,0.948,0.903,0.0604455627903318,0.225,0.174,0.151,0.3682411957389329,0.303,0.185,0.596,0.995328,0.979025025025025,0.3320276803511447,0.9569596303575358,0.014,0.01,0.7142857142857143,0.0167307889034813,0.0451645189540849
182,satimage,2.23217859117514,905.655038865168,9.287712379549449,0.7675675675675676,0.1542997542997543,0.0471744471744471,0.0309582309582309,0.1292383292383292,0.0750853242320819,0.1135925349922239,0.2822508631333822,0.0060859038006476,5.917246311919942e-10,0.304,0.0,0.1722423855414645,0.134,0.0028818443804034,0.0005,0.1870139697914436,0.1159999999999999,0.0259365994236311,0.575,0.965907,0.8660460460460461,0.24384532456102,0.7651983411197125,0.036,0.006,0.1666666666666666,0.0395175792834138,-0.6125101156247448
183,abalone,11.514876966794835,3980.3603368978593,3.807354922057604,0.0046620046620046,0.1107226107226107,0.2284382284382284,0.6561771561771562,0.8869463869463869,0.7833080424886191,0.7992776306284615,0.9878284943851222,0.6169707221251439,0.3093202950593778,0.857,0.715,0.7850241617274956,0.715,0.6925925925925925,0.0275,0.4492182820862887,0.8140000000000001,0.5444444444444444,0.984,0.998749,0.8352132132132132,0.2718779438362051,0.7705064288729953,0.01,0.004,0.4,0.1627745358300448,-0.7826244205564892
300,isolet,1.0022616689512411,0.0155461112368419,8.219168520462162,0.541038525963149,0.3919597989949748,0.0552763819095477,0.0117252931323283,0.1825795644891122,0.09625,0.2038219828139028,0.4601634950251989,0.0018669742602805,0.0,0.015,0.0,0.0,0.0,0.0,0.0005,0.4414712140423228,0.2199999999999999,0.0263157894736842,0.993,0.994589,0.997087087087087,0.8028127367372461,0.9763750968458556,0.617,0.169,0.2739059967585089,2.576547425081621e-05,-0.923063482091968
554,mnist_784,6.026372707399988,28.90357494486325,9.81698362325538,0.8203434610303831,0.1147805665639219,0.0381623367092323,0.0267136356964626,0.0976075150447673,0.0652651396297458,0.1225599999999999,0.1442825535615335,0.0001297350927905,0.0,0.421,0.0,0.0,0.0,0.0,0.0,0.3203118847354428,0.172,0.0094339622641509,0.891,0.989471,0.994196196196196,0.8591545111748592,0.933617377914697,0.784,0.177,0.2257653061224489,0.0006613123598242,-0.7993126881742216
1053,jm1,0.4291167123536528,4037.775872542134,10.918117851031772,0.1152454780361757,0.3710594315245478,0.2826873385012919,0.2310077519379845,0.6149870801033591,0.1363918164910105,0.25206,0.9028485867781578,0.4679841529951908,3.697157174892261e-14,0.962,0.92,0.0415284842371045,0.18,0.176,0.1275,0.4263742283151207,0.26,0.168,0.579,0.992367,0.3146806806806806,0.003067574918028,0.1949649829992924,0.021,0.005,0.238095238095238,0.2922947881958212,0.5475629558836772
1120,MagicTelescope,0.196673623604818,894.3140244634765,11.779719355143405,0.5082480091012515,0.2599544937428896,0.126848691695108,0.1049488054607508,0.3375995449374289,0.1141270820481184,0.21096,0.6307164294270649,0.3098556369022578,0.0128343465375197,0.943,0.865,0.099223920060011,0.199,0.171,0.118,0.3961014279445761,0.2269999999999999,0.143,0.686,0.992618,0.8287747747747748,0.3285195038661503,0.6521387523602424,0.01,0.007,0.7,0.0641584469674784,0.1611156878898433
1461,bank-marketing,0.5655398711393768,6644.84808164885,10.192292814470768,0.1316239316239316,0.3923076923076923,0.2333333333333333,0.2427350427350427,0.6094017094017095,0.0562853907134767,0.1248799999999999,0.7865349936260453,0.1959371846430449,0.0,0.963,0.883,0.0255854174119823,0.093,0.089,0.0725,0.4013952041294971,0.138,0.091,0.579,0.977321,0.986990990990991,0.6349029354173354,0.934826995961888,0.051,0.02,0.392156862745098,0.4793244687427667,0.7395667638880836
1476,gas-drift,2.1432585700805125,543.635602257183,10.204571144249204,0.9804627249357326,0.0120822622107969,0.0041131105398457,0.0033419023136246,0.0059125964010282,0.0063829787234042,0.0123,0.5092158072036456,0.0028053999441773,3.8589967679418704e-30,0.792,0.0,0.0002669995992199,0.001,0.0025316455696202,0.001,0.149671568652112,0.03,0.0379746835443038,0.3,0.977256,0.6875895895895896,0.3014991326847543,0.5040242935617499,0.128,0.008,0.0625,0.0151165667236802,-0.6452406692638837
1478,har,1.086639398713982,125.57610105945588,10.414685235807214,0.9556564245810056,0.0401536312849162,0.0034916201117318,0.0006983240223463,0.0125698324022346,0.0355941704035874,0.0710799999999999,0.5379878449354317,0.0004132649229817,6.449886409395069e-93,0.293,0.0,0.0,0.0,0.0,0.005,0.4305755052639763,0.1049999999999999,0.0189274447949526,0.978,0.99144,0.8120760760760761,0.1496823162901628,0.6631659169669419,0.561,0.091,0.1622103386809269,0.0035724520717581,-0.661698854204356
1486,nomao,0.2889189513801747,1899.646858360688,11.4797802640291,0.8161764705882353,0.1200980392156862,0.0357142857142857,0.0280112044817927,0.1029411764705882,0.0421332586786114,0.07832,0.3500993980859935,0.0623681132383184,0.0,0.944,0.733,0.0017773411273424,0.024,0.004,0.052,0.3308957868558776,0.1009999999999999,0.046,0.411,0.959436,0.9095655655655656,0.3623903748133161,0.7547937867072756,0.174,0.026,0.1494252873563218,0.1365020261733094,0.3096458369957674
1489,phoneme,0.2776264473256895,950.0595203217172,10.63117705570398,0.605296343001261,0.2818411097099622,0.0668348045397225,0.0460277427490542,0.1847414880201765,0.0502881089575694,0.1490747594374537,0.8315474321667483,0.4328953462175759,0.2654106034481355,0.854,0.833,0.1705349942995321,0.267,0.232,0.0895,0.2589667387363205,0.163,0.18,0.401,0.97288,0.959917917917918,0.3817997398646969,0.8802056192791691,0.005,0.005,1.0,0.1274349218838765,0.2926354537662755
1497,wall-robot-navigation,1.4166187734937044,2158.410078456298,8.357552004618084,0.7383015597920277,0.1793760831889081,0.0554592720970537,0.0268630849220103,0.1421143847487001,0.102510460251046,0.1715175953079179,0.5952211651211167,0.1944588169567568,0.5589270775400138,0.709,0.0,0.3703221690256126,0.308,0.1294416243654822,0.0525,0.327271794475206,0.1879999999999999,0.199238578680203,0.586,0.993868,0.987101101101101,0.407319649343558,0.9550883914471828,0.024,0.021,0.875,0.1424285862132491,-0.295081761622038
1590,adult,0.3571970451177266,2857.509444533667,11.2246046815385,0.3815294609277058,0.3890513999164229,0.1458420392812369,0.0835770998746343,0.4220643543669035,0.1425003286446693,0.2132,0.6620196797072633,0.2105618036785241,0.0,0.9,0.739,0.0107906161434299,0.141,0.093,0.1145,0.4043296691244833,0.236,0.107,0.629,0.981575,0.9882062062062064,0.6041096807040398,0.9446292081009529,0.104,0.03,0.2884615384615384,0.2066266441515099,0.4282710038004407
4134,Bioresponse,0.0552711471180736,26.82190341172088,10.745674324002136,0.5375655212580082,0.3051834595224228,0.1036691904484566,0.0535818287711124,0.2894583576004659,0.2133726647000983,0.2958677685950413,0.3509083872857158,0.0018244897676259,0.0,0.962,0.0,0.0010538550756751,0.002,0.004,0.1695,0.4438233158546689,0.3179999999999999,0.187,0.832,0.99625,0.9236696696696696,0.3959953681043546,0.817871926138988,1.776,0.29,0.1632882882882882,0.0050958307001116,0.0140131234012805
4534,PhishingWebsites,0.0744947444541441,129.7853812668552,12.113416611485944,0.8826450011284135,0.0929812683367185,0.0171518844504626,0.0072218460844053,0.0444594899571202,0.0186748069671395,0.06126,0.2449133897057148,0.0674518180887789,0.0,0.875,0.875,0.005621065759627,0.046,0.017,0.057,0.3625908613110458,0.0859999999999999,0.039,0.602,0.989415,0.9643063063063064,0.5322080398287807,0.862201705444918,0.068,0.027,0.3970588235294117,0.0093950441261839,0.0256585415934513
4538,GesturePhaseSegmentationProcessed,1.3026263290778148,1758.824280971584,9.96289600533726,0.1817745803357314,0.365947242206235,0.2503597122302158,0.2019184652278177,0.4580335731414868,0.3235747303543914,0.4626152132077383,0.9892382774156154,0.4199898306824707,1.4665430290275502e-09,0.798,0.272,0.5170173839510787,0.491,0.3430079155672823,0.0345,0.4474955467844393,0.509,0.2638522427440633,0.922,0.99792,0.594016016016016,0.2916211595125206,0.3869335607674172,0.032,0.019,0.59375,0.055528848599827,-0.5191182947562292
23517,numerai28.6,0.0067942422436605,1.081619498486276,12.27262978497637,0.1800727566693613,0.6218674211802748,0.1643088116410671,0.0337510105092966,0.5028294260307195,0.4889152810768012,0.49728,0.9926722655078356,0.926703084838532,0.9309337109173084,0.993,0.936,0.1489208810514896,0.433,0.436,0.244,0.4752460176203276,0.479,0.287,0.993,0.997953,0.9887367367367368,0.6665415860028054,0.9581093313384828,0.021,0.013,0.6190476190476191,7.213595433852582e-05,0.0001999800019996
40668,connect-4,1.39717188869451,5080.198928328219,9.899356922923111,0.1472051507170032,0.4509803921568627,0.2534386889083991,0.1483757682177348,0.5803336259877085,0.2152514051344372,0.36044,0.9694989954813836,0.1052284898127534,0.0,0.975,0.917,0.0671960473250208,0.234,0.5116959064327485,0.031,0.4599736147005651,0.425,0.4093567251461988,0.987,0.997722,0.99612012012012,0.814319474969475,0.963944292127711,0.125,0.044,0.352,0.2305115656637348,0.151258920071476
40685,shuttle,2.655357772297209,14598.65950637174,4.857980995127572,0.9868359191349318,0.007052186177715,0.004231311706629,0.001880582980724,0.003761165961448,0.0006361323155216,0.0026434364674076,0.342607259727488,0.0022160505332337,1.2076834140785668e-08,0.002,0.0,0.0485500137317507,0.075,0.0050632911392405,0.001,0.0704802109374227,0.006,0.010126582278481,0.041,0.85928,0.6716896896896897,0.2032640084986531,0.4915025517479533,0.009,0.003,0.3333333333333333,0.5271903042083544,0.4922826761991229
40701,churn,0.519004551099675,2856.5040647909104,9.4655664048094,0.0947666195190947,0.3253182461103253,0.2701555869872701,0.3097595473833097,0.7001414427157001,0.0675518285581178,0.15932,0.8856828882055368,0.2457102306197529,0.0,0.971,0.823,0.0296523538942504,0.129,0.113,0.0775,0.4394372815242811,0.165,0.115,0.952,0.989286,0.9808588588588588,0.4139450928117548,0.9491843414181296,0.033,0.015,0.4545454545454545,0.413148257884083,0.6803244290423642
40996,Fashion-MNIST,0.0,0.0,9.965784284662089,0.6927,0.1841,0.0696,0.0536,0.1956,,0.2264,0.5654512347639509,0.0011933604576912,0.0,0.53,0.0,0.0,0.0,0.0,0.0005,0.3658519528357781,0.252,0.07,0.883,0.990264,0.9742202202202204,0.5097962322310758,0.9141428209342152,0.784,0.169,0.2155612244897959,2.220446049250313e-16,-0.7999999999999998
41027,jungle_chess_2pcs_raw_endgame_complete,0.4871782301860657,3270.4774948170616,9.91737207947684,0.2564632885211996,0.4343329886246122,0.2006204756980351,0.108583247156153,0.5894519131334023,0.2380161629580427,0.25702,0.8323374343179057,0.2339637335596051,1.0,1.0,1.0,0.3308823798193801,0.3,0.3724279835390947,0.0275,0.3213442592385017,0.301,0.2386831275720164,0.646,0.993996,0.9791991991991992,0.5968330979606953,0.8356284083418286,0.006,0.006,1.0,0.1483135582889471,-0.1100663586367938
41138,APSFailure,0.8349546014053274,12051.952368512,7.499845887083206,0.2320441988950276,0.3646408839779005,0.1878453038674033,0.2154696132596685,0.4640883977900552,0.0043792646909053,0.01522,0.3739977835339971,0.0005266628228468,0.0,0.065,0.0,0.0,0.0,0.0,0.0075,0.1031021530896847,0.016,0.011,0.061,0.1217089999999999,0.2325065065065065,0.1010235698934681,0.1374266704871598,0.17,0.034,0.2,0.8699411538209032,0.963352435292459
41146,sylvine,0.0,0.0,11.323054760341646,0.637392661982826,0.2925448868071819,0.0528883684621389,0.0171740827478532,0.2318501170960187,,0.2540593286494926,0.3130442782057684,0.1655864975954816,0.0435919001612123,0.766,0.64,0.0173479534339569,0.085,0.054,0.1375,0.4579280584075186,0.269,0.113,0.981,0.995162,0.9937757757757758,0.7908092179787644,0.953747060558986,0.02,0.017,0.85,0.0,0.0
41150,MiniBooNE,0.2961239921021317,1992.5615723018063,11.4542992936199,0.6535994297933001,0.2344975053456878,0.0687811831789023,0.0431218816821097,0.2295081967213114,0.106060606060606,0.15412,0.6102954708377759,0.1245372130451395,2.270835110911665e-125,0.827,0.299,0.0104812724560766,0.137,0.111,0.0785,0.3304853805430141,0.149,0.102,0.505,0.979321,0.4073533533533533,0.002,0.2830000000000002,0.05,0.004,0.08,0.1431901948758482,0.3219280375619628
41168,jannis,1.5239645676599043,5554.974243660518,7.651051691178929,0.15655277919428862,0.43549209586945437,0.21672616012238655,0.19122896481387047,0.5879653238143804,0.4448314466973504,0.486,0.9796537113265938,0.0718299111960729,1.53348671288627e-13,0.606,0.0,0.2494706470398202,0.334,0.45054945054945056,0.0085,0.4551970472940807,0.488,0.23626373626373626,0.991,0.996678,0.9945085085085085,0.8449248003019945,0.9649273724637768,0.054,0.038,0.7037037037037037,0.20053737058387933,-0.24204895219197886
